aX,aY,aZ,gX,gY,gZ
0.422,1.304,1.063,-29.260,54.670,-101.640
0.472,1.571,1.065,-13.510,34.650,-21.700
0.440,1.608,0.949,12.320,27.090,78.050
0.386,1.165,0.872,31.850,33.110,113.610
0.345,0.697,1.017,19.950,34.720,120.260
0.277,0.355,1.189,-1.820,24.500,111.930
0.208,0.122,1.250,-9.940,18.620,98.700
0.107,-0.098,1.359,1.750,10.360,59.290
0.156,-0.361,1.533,19.110,-10.150,19.390
0.120,-0.322,1.703,19.600,-40.530,-19.250
0.147,-0.009,1.806,43.260,-93.450,-30.450
0.233,0.348,1.795,69.930,-131.320,-17.710
0.215,0.632,1.752,91.910,-163.590,34.790
0.293,0.784,1.668,147.700,-197.260,77.700
0.369,0.643,1.403,148.610,-209.790,113.050
0.016,0.348,1.426,167.790,-237.790,126.280
-0.061,0.059,1.222,167.860,-264.250,120.470
0.517,-0.172,1.059,58.800,-200.200,69.580
1.450,0.807,0.340,-38.640,26.670,141.960
-0.415,1.045,1.778,28.140,1.050,209.650
-0.242,-0.063,2.399,66.850,-144.410,190.330
-0.265,-1.495,1.931,-7.140,-187.950,58.310
-0.268,-1.911,1.722,-96.530,-232.120,-112.630
-0.323,-1.513,0.852,-159.950,-211.890,-199.640
-0.134,-0.760,0.680,-180.390,-172.410,-238.630
-0.002,0.322,0.904,-154.770,-156.520,-201.600
0.070,0.723,1.125,-118.510,-187.250,-141.820
0.027,0.659,0.978,-94.360,-215.950,-89.950
0.023,0.143,0.598,-76.230,-217.630,-80.500
0.089,-0.442,0.250,-73.010,-192.710,-102.480
-0.043,-0.271,0.476,-122.290,-182.420,-98.840
0.061,-0.358,0.346,-163.170,-189.980,-118.160
0.098,-0.487,0.090,-195.300,-184.170,-141.260
0.051,-0.323,-0.169,-207.060,-164.220,-150.360
0.094,-0.239,-0.447,-206.710,-135.800,-153.580
0.064,-0.239,-0.575,-269.710,-111.300,-171.920
0.116,-0.257,-0.859,-277.760,-64.050,-195.160
0.085,-0.018,-0.891,-288.050,-25.620,-204.610
-0.023,0.253,-0.911,-293.020,4.200,-206.360
-0.046,0.337,-1.078,-284.340,44.660,-212.100
-0.040,0.459,-1.173,-274.260,90.020,-214.130
-0.052,0.765,-1.149,-238.910,136.430,-198.520
-0.037,1.000,-0.865,-206.780,194.600,-159.950
-0.171,0.864,-0.476,-213.990,207.830,-139.580
-0.140,0.353,-0.383,-236.320,226.590,-159.530
-0.188,0.400,-0.291,-245.000,264.740,-165.550
-0.261,0.621,0.127,-238.630,277.690,-158.970
-0.201,0.702,0.402,-220.850,276.150,-159.880
-0.179,1.036,0.515,-212.520,273.490,-143.500
-0.242,1.250,0.600,-191.520,278.110,-114.800
-0.233,1.207,0.749,-175.070,273.210,-88.410
-0.242,1.057,0.851,-168.630,269.920,-81.620
-0.296,1.104,0.955,-166.950,264.950,-68.320
-0.348,1.089,1.151,-165.270,255.990,-55.300
-0.368,0.942,1.327,-177.380,229.460,-63.980
-0.343,0.991,1.223,-188.020,206.920,-61.040
-0.362,1.158,0.995,-174.160,199.500,-43.890
-0.318,1.230,0.806,-157.780,207.270,-17.780
-0.322,1.250,0.855,-136.990,213.570,22.330
-0.363,1.118,0.972,-98.910,217.000,45.920
-0.406,0.871,1.092,-73.500,219.450,53.480
-0.445,0.709,1.294,-53.760,212.450,51.450
-0.461,0.680,1.351,-45.080,200.760,49.350
-0.427,0.774,1.304,-28.000,197.820,57.120
-0.416,0.857,1.333,-12.810,192.640,67.340
-0.462,0.954,1.290,4.410,197.260,84.630
-0.550,0.913,1.407,21.280,202.650,96.320
-0.622,0.793,1.613,39.760,196.910,96.180
-0.679,0.768,1.747,41.370,186.480,96.040
-0.724,0.781,1.794,41.720,176.750,98.280
-0.754,0.757,1.825,46.130,164.990,98.700
-0.723,0.763,1.902,30.450,152.950,99.260
-0.728,0.784,1.883,3.010,140.490,102.060
-0.720,0.806,1.856,-7.210,134.680,106.120
-0.671,0.774,1.983,-16.240,105.840,104.860
-0.682,0.857,1.897,-26.600,76.300,112.280
-0.745,0.966,1.513,-28.700,70.910,139.440
-0.801,0.854,1.287,-27.300,84.770,153.020
-0.841,0.687,1.366,-31.990,93.450,155.260
-0.918,0.599,1.632,-42.280,80.290,153.020
-0.965,0.542,1.647,-48.580,60.550,148.960
-0.988,0.500,1.421,-53.550,51.170,145.810
-0.985,0.483,1.187,-52.150,56.000,144.550
-0.979,0.535,1.107,-48.370,72.030,147.630
-1.045,0.634,1.238,-32.970,81.410,158.550
-1.078,0.651,1.492,-9.660,81.060,170.520
-1.089,0.607,1.754,32.270,67.410,187.460
-1.098,0.522,1.956,23.520,49.140,196.420
-1.134,0.386,1.975,4.760,34.020,204.470
-1.159,0.186,2.007,-9.450,17.920,207.690
-1.201,-0.119,1.937,-31.150,0.070,185.990
-1.241,-0.378,1.689,-52.360,-11.970,163.100
-1.184,-0.426,1.532,-74.480,-4.620,137.130
-1.167,-0.279,1.520,-96.320,8.540,115.640
-1.169,-0.133,1.756,-101.080,6.440,112.280
-1.137,-0.106,2.010,-97.370,-20.090,109.480
-1.141,-0.178,2.023,-89.460,-39.550,94.850
-1.148,-0.214,2.023,-85.540,-58.310,83.790
-1.161,-0.253,1.980,-80.290,-81.410,71.190
-1.160,-0.356,1.933,-81.340,-100.660,46.060
-1.130,-0.339,1.841,-76.440,-109.200,38.990
-1.053,-0.221,1.865,-62.370,-120.050,52.080
-1.014,-0.168,1.883,-46.130,-132.230,72.940
-1.025,-0.323,1.840,-46.620,-138.040,91.420
-0.993,-0.453,1.877,-45.500,-145.460,97.300
-1.007,-0.682,1.917,-64.750,-169.820,84.630
-1.036,-0.808,1.782,-90.580,-181.440,53.760
-1.007,-0.625,1.573,-94.150,-175.420,46.970
-0.957,-0.392,1.577,-76.440,-162.400,56.910
-0.927,-0.311,1.747,-57.400,-166.950,74.410
-0.914,-0.365,1.799,-26.320,-175.700,85.260
-0.917,-0.544,1.814,-13.300,-183.260,84.560
-0.882,-0.708,1.837,-11.620,-189.420,79.100
-0.889,-0.846,1.827,10.150,-199.850,66.010
-0.855,-0.967,1.878,21.910,-217.420,47.530
-0.795,-0.895,1.711,14.000,-215.460,36.820
-0.738,-0.720,1.735,14.910,-215.740,46.130
-0.741,-0.828,1.873,7.210,-230.580,43.400
-0.749,-0.976,1.858,7.070,-260.680,32.480

-0.783,-0.874,1.528,0.560,-272.300,31.150
-0.678,-0.665,1.290,-3.570,-258.860,45.150
-0.620,-0.587,1.258,19.810,-217.210,67.130
-0.638,-0.671,1.715,48.230,-247.450,81.340
-0.736,-0.831,1.648,71.960,-275.730,89.040
-0.849,-1.397,1.675,66.220,-317.800,50.960
-0.872,-1.522,0.802,45.640,-332.640,7.420
-0.745,-1.137,0.209,30.380,-293.930,-4.620
-0.590,-0.827,0.114,4.130,-252.000,-6.230
-0.544,-0.724,0.282,3.710,-229.460,-8.540
-0.444,-0.642,0.440,-6.580,-225.190,-9.660
-0.343,-0.429,0.388,-14.700,-217.140,-1.260
-0.315,-0.407,0.516,-25.760,-219.940,1.330
-0.357,-0.354,0.489,-29.750,-227.150,4.130
-0.386,-0.310,0.341,-35.840,-227.220,14.910
-0.345,-0.417,0.239,-35.140,-223.440,18.410
-0.345,-0.663,0.186,-42.210,-227.360,1.400
-0.363,-0.877,0.041,-43.260,-222.530,-44.520
-0.338,-1.056,-0.086,-47.740,-213.710,-89.670
-0.234,-0.928,-0.349,-57.470,-185.990,-123.900
-0.182,-0.430,-0.428,-62.440,-153.930,-127.120
-0.024,-0.217,-0.342,-56.840,-122.290,-117.320
0.041,-0.164,-0.093,-50.050,-112.490,-110.460
0.055,-0.197,0.029,-35.770,-112.700,-111.860
0.092,-0.267,-0.031,-34.510,-105.140,-118.510
0.146,-0.245,-0.084,-26.320,-81.060,-119.700
0.178,-0.242,0.069,-23.730,-74.760,-122.710
0.005,-0.331,0.242,-18.900,-93.660,-135.800
0.039,-0.401,-0.160,2.170,-98.630,-152.950
0.041,-0.267,-0.427,-1.680,-80.500,-165.900
0.340,-0.134,-0.646,-11.060,-29.120,-168.210
0.278,0.169,0.077,-1.470,-7.000,-145.110
0.157,0.118,0.434,11.550,-47.390,-134.680
0.047,-0.294,0.125,25.130,-71.540,-163.450
0.055,-0.283,-0.390,34.790,-64.680,-187.530
0.142,-0.020,-0.760,19.880,-16.730,-198.660
0.278,0.296,-0.691,10.780,33.950,-188.720
0.282,0.563,-0.194,-13.160,53.410,-160.510
0.262,0.496,0.133,-10.430,49.840,-149.380
0.273,0.364,0.314,-8.260,43.890,-147.630
0.171,0.294,0.450,0.630,33.740,-147.490
0.177,0.177,0.565,2.730,4.200,-162.470
0.178,0.235,0.347,-4.480,-2.240,-174.160
0.105,0.514,0.155,-2.170,3.570,-161.140
0.099,0.574,0.229,-6.930,-15.050,-155.050
0.168,0.409,-0.063,-6.160,-8.470,-161.420
0.117,0.534,-0.104,-3.570,8.960,-155.470
0.218,0.575,-0.115,0.560,14.350,-147.980
0.269,0.569,-0.133,9.870,27.720,-140.910
0.294,0.513,0.013,12.460,30.240,-139.300
0.301,0.480,0.080,13.720,26.320,-141.120
0.279,0.498,0.031,12.740,29.120,-141.540
0.290,0.512,-0.034,34.580,36.190,-161.280
0.227,0.570,-0.020,30.870,41.300,-143.290
0.177,0.589,-0.048,40.740,44.030,-145.110
0.174,0.656,-0.224,52.080,68.950,-145.670
0.160,0.759,-0.141,72.380,96.880,-137.550
0.175,0.738,0.246,85.400,104.790,-139.370
0.174,0.545,0.599,85.190,93.170,-160.440
0.174,0.681,0.758,65.100,68.810,-172.830
0.198,0.946,0.695,57.400,57.400,-167.720
0.210,1.114,0.699,53.550,43.190,-154.350
0.184,1.143,0.636,49.770,26.250,-140.980
0.102,1.099,0.460,44.800,17.360,-138.320
0.044,1.045,0.301,36.470,16.520,-142.730
0.016,1.076,0.174,23.240,12.950,-148.820
0.016,1.173,0.006,16.450,16.450,-151.900
0.022,1.351,-0.126,11.830,27.370,-142.870
0.055,1.428,-0.219,15.960,44.520,-131.740
0.080,1.444,-0.240,19.460,61.040,-119.840
0.047,1.363,-0.183,20.160,76.160,-108.220
0.011,1.229,-0.061,12.880,84.490,-113.190
-0.027,1.206,0.054,0.700,89.040,-118.720
-0.062,1.283,0.083,-7.280,92.330,-119.630
-0.080,1.387,0.113,-19.810,93.730,-115.850
-0.087,1.471,0.058,-22.750,97.580,-107.170
-0.120,1.499,0.016,-22.750,108.710,-98.350
-0.149,1.496,0.017,-24.990,114.100,-94.920
-0.193,1.606,-0.085,-25.830,129.710,-84.840
-0.279,1.699,0.008,-25.550,161.770,-67.410
-0.337,1.647,0.297,-25.760,166.740,-56.560
-0.372,1.568,0.476,-28.840,160.720,-50.610
-0.403,1.544,0.518,-34.160,157.850,-42.000
-0.402,1.439,0.570,-46.060,151.900,-39.900
-0.374,1.327,0.529,-67.690,149.240,-46.760
-0.315,1.454,0.421,-91.770,156.940,-46.900
-0.285,1.624,0.449,-91.000,167.790,-34.370
-0.292,1.668,0.701,-86.240,160.370,-21.840
-0.313,1.618,0.765,-87.220,143.780,-15.610
-0.334,1.632,0.668,-91.700,133.630,-4.620
-0.373,1.647,0.539,-97.650,130.060,7.980
-0.404,1.582,0.404,-108.920,129.990,17.290
-0.414,1.522,0.244,-119.560,141.190,30.870
-0.442,1.527,0.203,-125.230,159.530,47.740
-0.479,1.450,0.341,-121.170,172.340,60.340
-0.520,1.324,0.603,-119.000,170.030,65.520
-0.539,1.307,0.580,-119.980,168.980,75.390
-0.554,1.281,0.463,-107.800,184.030,97.790
-0.583,1.071,0.564,-95.550,200.970,102.480
-0.617,0.873,0.794,-92.960,202.440,97.230
-0.607,0.793,0.935,-98.700,198.870,92.330
-0.589,0.800,0.975,-105.280,196.840,91.350
-0.582,0.874,1.049,-118.930,192.430,95.900
-0.574,0.916,1.134,-129.990,180.110,103.810
-0.583,0.895,1.149,-137.830,165.550,111.160
-0.620,0.854,1.021,-138.530,156.520,123.830
-0.667,0.689,0.843,-130.760,162.120,128.100
-0.712,0.550,0.844,-124.530,172.410,123.690
-0.758,0.558,0.975,-122.920,174.090,123.060
-0.807,0.663,1.030,-117.320,176.890,131.390
-0.869,0.730,1.126,-113.960,181.370,147.350
-0.881,0.728,1.259,-122.150,181.440,156.380
-0.984,0.720,1.402,-114.940,174.300,166.670
-1.010,0.690,1.498,-112.280,167.510,176.820
-1.068,0.550,1.575,-100.520,163.450,186.480
-1.088,0.389,1.739,-104.370,155.820,181.720
-1.087,0.268,1.889,-121.800,139.580,167.790
-1.098,0.254,2.061,-147.910,124.180,153.930
-1.087,0.300,2.190,-169.400,106.400,141.400

-1.051,0.386,2.360,-191.100,73.570,131.530
-1.040,0.559,2.459,-190.260,37.660,132.720
-1.047,0.720,2.426,-185.430,-18.620,149.310
-1.065,0.806,2.307,-170.240,-51.030,174.020
-1.095,0.702,2.159,-152.600,-70.910,200.620
-1.142,0.536,2.013,-130.480,-81.900,212.170
-1.199,0.323,1.934,-118.090,-95.340,211.890
-1.175,0.108,1.873,-113.610,-104.790,190.610
-1.129,-0.070,1.815,-115.780,-112.490,164.290
-1.070,-0.083,1.725,-121.520,-119.490,138.880
-1.016,0.007,1.677,-128.100,-122.640,120.470
-0.968,0.168,1.616,-144.830,-125.160,118.790
-0.934,0.200,1.559,-153.300,-130.690,120.610
-0.911,0.152,1.444,-166.180,-131.740,121.170
-0.888,0.031,1.378,-178.500,-127.190,115.010
-0.849,-0.061,1.445,-192.710,-120.120,105.700
-0.814,-0.127,1.557,-212.590,-121.030,94.430
-0.805,-0.180,1.673,-214.830,-132.230,83.300
-0.800,-0.261,1.763,-215.390,-173.950,69.650
-0.786,-0.334,1.603,-226.590,-182.070,51.730
-0.782,-0.354,1.403,-241.080,-183.890,32.410
-0.767,-0.349,1.290,-247.940,-178.990,25.830
-0.759,-0.391,1.247,-238.070,-177.730,21.000
-0.728,-0.512,1.246,-223.790,-182.210,-12.810
-0.697,-0.592,1.163,-233.870,-178.640,-26.950
-0.611,-0.508,1.067,-235.130,-164.710,-41.370
-0.537,-0.369,1.098,-257.670,-157.290,-42.420
-0.498,-0.363,1.085,-220.780,-160.650,-38.080
-0.446,-0.408,1.183,-194.530,-171.220,-36.050
-0.418,-0.481,1.190,-182.770,-184.450,-41.090
-0.412,-0.500,1.091,-184.870,-197.960,-47.180
-0.411,-0.508,0.861,-192.570,-196.700,-50.890
-0.395,-0.515,0.733,-186.970,-191.240,-48.370
-0.402,-0.609,0.616,-177.310,-183.050,-52.920
-0.399,-0.724,0.535,-159.880,-171.780,-70.280
-0.342,-0.825,0.613,-147.910,-171.290,-99.400
-0.276,-0.553,0.410,-151.900,-157.500,-86.170
-0.242,-0.504,0.432,-112.490,-143.500,-79.030
-0.222,-0.673,0.575,-95.550,-140.350,-91.630
-0.213,-0.698,0.598,-81.130,-144.270,-110.320
-0.178,-0.478,0.546,-64.400,-147.210,-110.460
-0.127,-0.291,0.408,-49.000,-144.550,-96.530
-0.072,-0.227,0.329,-32.620,-136.360,-79.870
-0.051,-0.346,0.309,-14.910,-125.860,-70.420
-0.034,-0.453,0.380,-6.020,-119.280,-71.330
-0.030,-0.498,0.370,3.150,-117.740,-73.360
-0.012,-0.542,0.291,11.970,-110.670,-77.210
0.030,-0.584,0.244,16.100,-95.200,-85.330
0.092,-0.571,0.284,12.950,-85.750,-91.770
0.129,-0.508,0.373,10.920,-84.000,-93.590
0.174,-0.414,0.396,15.050,-84.420,-88.480
0.208,-0.398,0.446,16.940,-87.640,-84.420
0.206,-0.411,0.422,18.480,-89.600,-81.760
0.207,-0.482,0.386,17.710,-88.760,-85.190
0.228,-0.522,0.354,7.840,-84.630,-92.260
0.255,-0.470,0.327,-5.250,-79.240,-95.620
0.268,-0.400,0.286,-34.300,-72.380,-94.220
0.301,-0.402,0.271,-27.160,-64.260,-95.760
0.324,-0.420,0.314,-34.720,-58.100,-99.330
0.319,-0.411,0.306,-38.500,-55.160,-99.890
0.327,-0.421,0.259,-34.790,-50.750,-101.150
0.331,-0.515,0.218,-34.230,-43.540,-107.870
0.349,-0.533,0.214,-32.830,-31.570,-113.120
0.357,-0.523,0.297,-28.420,-29.120,-114.870
0.344,-0.589,0.397,-10.010,-36.330,-123.550
0.327,-0.647,0.380,-9.170,-45.290,-139.440
0.345,-0.484,0.180,-5.250,-41.020,-142.380
0.374,-0.343,0.127,-2.450,-32.690,-136.920
0.385,-0.298,0.133,2.800,-26.180,-135.170
0.414,-0.305,0.177,4.970,-21.910,-137.550
0.430,-0.272,0.156,7.140,-18.690,-139.230
0.440,-0.210,0.150,16.450,-16.170,-139.230
0.442,-0.170,0.126,23.170,-13.860,-137.760
0.430,-0.149,0.084,28.280,-8.190,-135.730
0.409,-0.165,0.069,33.740,-5.670,-135.590
0.394,-0.216,0.023,40.530,-2.590,-141.610
0.384,-0.223,-0.017,41.930,3.220,-146.510
0.381,-0.230,-0.038,40.250,8.330,-150.710
0.417,-0.268,-0.083,32.480,13.720,-160.720
0.447,-0.243,-0.129,19.460,23.870,-176.750
0.436,-0.098,-0.129,12.880,31.710,-180.040
0.423,0.029,-0.148,9.730,39.760,-178.500
0.432,0.111,-0.188,4.690,50.820,-173.880
0.428,0.150,-0.227,1.190,66.010,-165.410
0.398,0.092,-0.190,9.170,74.900,-164.570
0.367,0.078,-0.176,36.960,81.970,-167.230
0.319,0.123,-0.094,41.160,85.540,-169.120
0.291,0.157,-0.130,56.910,91.140,-170.170
0.290,0.172,-0.133,36.470,100.170,-175.420
0.282,0.221,-0.120,54.250,110.880,-178.710
0.270,0.290,-0.014,53.970,116.830,-179.340
0.240,0.346,0.130,56.420,116.830,-177.380
0.244,0.350,0.185,47.740,110.250,-179.060
0.274,0.330,0.147,35.560,105.280,-190.820
0.290,0.449,0.041,29.610,108.150,-192.500
0.250,0.606,0.013,22.050,113.960,-183.330
0.196,0.714,0.020,14.770,122.150,-166.320
0.128,0.723,0.053,17.920,126.840,-149.870
0.088,0.622,0.103,27.440,129.290,-144.480
0.072,0.520,0.156,26.040,130.200,-151.970
0.040,0.551,0.154,27.720,134.120,-155.610
0.038,0.636,0.193,31.360,135.590,-156.380
0.047,0.723,0.168,27.790,135.380,-154.070
0.047,0.803,0.077,38.150,142.380,-147.560
0.013,0.884,0.118,40.740,151.480,-133.000
-0.053,0.875,0.124,37.940,162.400,-124.810
-0.150,0.856,0.161,36.680,179.410,-118.020
-0.294,0.809,0.292,38.850,189.000,-114.590
-0.361,0.735,0.443,50.050,190.260,-139.930
-0.392,0.778,0.512,48.020,191.310,-141.960
-0.434,1.008,0.511,56.000,198.170,-145.880
-0.448,1.226,0.644,49.350,201.320,-141.330
-0.402,1.357,0.748,47.880,196.350,-140.280
-0.399,1.533,0.765,35.980,196.210,-129.500
-0.415,1.814,0.817,39.620,199.500,-104.020
-0.444,1.887,1.007,39.060,190.680,-76.090
-0.468,1.845,1.137,51.100,159.600,-52.500
-0.489,1.767,1.086,41.370,140.070,-34.720
-0.536,1.642,0.965,35.910,128.660,-23.520

-0.565,1.551,0.793,34.930,118.020,-17.780
-0.566,1.477,0.620,25.060,125.580,-17.500
-0.538,1.439,0.725,18.060,132.650,-23.030
-0.556,1.515,0.638,8.190,135.660,-23.170
-0.584,1.587,0.677,-9.660,132.650,-15.400
-0.619,1.514,0.636,-20.020,131.040,-17.150
-0.614,1.490,0.594,-34.650,129.360,-22.330
-0.595,1.594,0.491,-49.770,138.110,-18.830
-0.605,1.721,0.538,-56.630,142.170,-3.220
-0.606,1.803,0.589,-59.290,138.320,30.170
-0.652,1.726,0.541,-57.470,138.670,53.410
-0.692,1.523,0.509,-63.770,150.710,64.400
-0.743,1.283,0.639,-78.400,154.560,59.290
-0.754,1.178,0.763,-119.700,150.920,50.050
-0.745,1.286,0.794,-120.470,145.320,55.720
-0.748,1.377,0.810,-127.540,139.020,68.950
-0.774,1.365,0.791,-128.660,127.400,82.600
-0.843,1.287,0.616,-135.450,127.050,94.080
-0.886,1.156,0.438,-134.960,145.810,102.620
-0.930,1.036,0.512,-132.720,167.720,105.980
-0.972,1.032,0.723,-130.480,180.600,112.210
-1.044,1.053,0.932,-113.820,200.760,124.320
-1.088,0.997,1.233,-88.900,214.620,134.750
-1.099,0.767,1.634,-69.300,212.240,137.620
-1.064,0.793,2.005,-55.090,189.980,133.910
-1.017,0.818,2.265,-57.540,138.180,135.450
-0.943,0.851,2.187,-74.480,98.910,142.450
-0.894,0.761,1.922,-81.620,75.180,148.890
-0.846,0.714,1.676,-87.850,63.000,154.630
-0.809,0.693,1.376,-89.950,55.860,160.860
-0.789,0.671,1.359,-89.460,52.570,167.650
-0.813,0.572,1.368,-120.750,46.690,172.480
-0.773,0.412,1.255,-137.130,44.660,163.940
-0.769,0.305,1.130,-133.840,31.710,152.670
-0.734,0.411,1.067,-139.650,26.390,155.610
-0.699,0.464,0.853,-135.380,39.270,168.350
-0.692,0.308,0.923,-130.200,50.120,168.420
-0.678,0.176,1.099,-133.630,48.020,160.930
-0.659,0.138,1.201,-137.900,37.590,152.740
-0.633,0.193,1.178,-142.100,31.710,150.850
-0.620,0.273,1.134,-142.730,30.310,160.440
-0.654,0.190,1.150,-140.280,28.980,164.990
-0.675,0.039,1.170,-139.860,25.830,162.470
-0.700,-0.094,1.170,-139.300,26.460,154.910
-0.707,-0.202,1.169,-139.440,31.430,135.380
-0.700,-0.239,1.243,-137.760,36.050,119.840
-0.684,-0.184,1.378,-142.380,35.350,106.890
-0.667,-0.081,1.552,-144.900,29.260,101.430
-0.670,0.023,1.675,-145.180,19.740,105.770
-0.694,0.012,1.742,-143.220,7.140,113.050
-0.714,-0.086,1.760,-147.350,-2.660,112.140
-0.752,-0.182,1.766,-152.810,-12.040,105.560
-0.806,-0.213,1.810,-156.520,-18.690,97.510
-0.830,-0.238,1.899,-154.000,-33.460,90.230
-0.852,-0.250,1.930,-147.490,-49.910,81.340
-0.866,-0.270,1.904,-144.340,-63.000,65.870
-0.862,-0.256,1.883,-140.630,-74.060,55.650
-0.876,-0.216,1.873,-136.710,-89.600,49.490
-0.864,-0.186,1.845,-130.970,-101.780,46.060
-0.857,-0.157,1.776,-124.390,-108.640,46.550
-0.867,-0.150,1.807,-118.510,-120.610,47.390
-0.877,-0.171,1.813,-120.750,-134.050,47.250
-0.885,-0.251,1.734,-122.220,-144.900,45.710
-0.879,-0.329,1.681,-123.900,-153.860,40.670
-0.886,-0.399,1.604,-128.870,-164.150,32.970
-0.890,-0.455,1.510,-129.710,-167.230,20.090
-0.878,-0.512,1.468,-132.930,-169.120,5.250
-0.858,-0.490,1.424,-130.620,-171.080,-9.940
-0.829,-0.376,1.442,-108.360,-174.650,-16.870
-0.803,-0.177,1.477,-114.870,-183.190,-7.140
-0.793,-0.145,1.478,-90.790,-201.950,5.810
-0.807,-0.265,1.401,-75.810,-217.490,8.820
-0.803,-0.418,1.232,-70.630,-225.610,2.310
-0.773,-0.465,1.070,-63.840,-222.670,-5.600
-0.717,-0.479,0.964,-60.970,-216.720,-15.330
-0.677,-0.398,0.907,-59.430,-207.480,-12.460
-0.657,-0.410,0.940,-49.350,-195.720,-7.700
-0.644,-0.535,1.017,-45.430,-194.320,-17.080
-0.630,-0.661,1.041,-40.250,-196.070,-32.620
-0.612,-0.635,0.988,-37.170,-199.640,-45.150
-0.543,-0.534,0.878,-34.580,-196.980,-48.510
-0.492,-0.421,0.825,-20.650,-193.270,-40.670
-0.463,-0.518,0.802,-19.320,-190.820,-44.520
-0.404,-0.615,0.762,-22.190,-191.100,-58.380
-0.370,-0.492,0.689,-29.260,-191.170,-67.200
-0.336,-0.344,0.584,-28.980,-189.210,-61.110
-0.280,-0.295,0.451,-24.850,-182.280,-49.770
-0.238,-0.399,0.400,-24.290,-175.490,-48.370
-0.218,-0.607,0.367,-29.400,-169.050,-60.060
-0.165,-0.637,0.298,-36.190,-156.520,-72.870
-0.101,-0.549,0.281,-39.340,-146.580,-76.510
-0.067,-0.440,0.295,-35.560,-140.280,-74.620
-0.047,-0.481,0.266,-33.530,-136.220,-79.240
-0.012,-0.503,0.164,-35.000,-128.100,-86.730
0.027,-0.460,0.093,-34.230,-115.220,-89.810
0.075,-0.402,0.105,-33.460,-100.450,-90.440
0.146,-0.351,0.128,-34.020,-91.350,-72.170
0.183,-0.275,0.130,-31.220,-82.460,-81.550
0.217,-0.305,0.148,-26.040,-68.460,-76.790
0.250,-0.410,0.237,-25.060,-60.970,-80.990
0.260,-0.506,0.318,-32.830,-58.520,-89.950
0.296,-0.470,0.288,-41.020,-51.170,-94.080
0.318,-0.383,0.264,-44.940,-40.670,-90.300
0.323,-0.445,0.314,-48.020,-30.450,-94.080
0.319,-0.494,0.416,-51.870,-24.220,-100.870
0.306,-0.472,0.525,-50.470,-18.900,-104.300
0.295,-0.460,0.625,-41.650,-19.530,-110.110
0.281,-0.499,0.716,-37.590,-24.780,-120.540
0.278,-0.442,0.708,-34.930,-30.800,-127.260
0.312,-0.318,0.652,-31.920,-29.750,-125.930
0.337,-0.244,0.659,-25.200,-28.420,-122.080
0.328,-0.267,0.689,-21.280,-31.430,-123.690
0.325,-0.260,0.592,-17.570,-31.640,-123.690
0.319,-0.254,0.524,-11.060,-23.450,-122.570
0.312,-0.306,0.584,-3.010,-17.920,-128.310
0.297,-0.300,0.680,1.820,-19.460,-134.260
0.283,-0.217,0.709,6.860,-25.060,-136.220
0.277,-0.122,0.661,13.580,-26.600,-131.740
0.278,-0.134,0.637,28.140,-26.040,-127.610

-0.474,1.392,0.806,75.040,175.350,-63.350
-0.498,1.501,0.862,82.530,167.580,-57.120
-0.550,1.594,0.933,67.480,151.970,-51.590
-0.564,1.677,0.900,52.640,142.380,-46.340
-0.531,1.759,0.897,43.960,127.470,-33.740
-0.459,1.793,0.748,23.940,118.020,-24.290
-0.481,1.811,0.607,12.180,119.840,-12.110
-0.507,1.782,0.618,-5.320,116.550,-0.630
-0.523,1.686,0.588,-16.310,109.270,6.790
-0.545,1.611,0.490,-28.070,102.830,13.650
-0.605,1.523,0.344,-31.220,103.950,21.070
-0.630,1.417,0.253,-40.250,104.720,25.480
-0.640,1.295,-0.025,-53.340,119.280,26.390
-0.689,1.202,-0.203,-53.480,153.300,24.850
-0.699,1.250,-0.073,-50.680,185.360,24.570
-0.717,1.365,0.161,-56.000,208.670,30.730
-0.759,1.475,0.582,-49.560,224.350,43.400
-0.756,1.467,0.961,-38.780,213.220,53.340
-0.727,1.406,1.123,-31.920,188.720,64.680
-0.679,1.352,1.059,-40.320,171.570,71.470
-0.642,1.259,0.922,-47.250,164.570,77.000
-0.601,1.175,0.918,-59.990,154.070,80.010
-0.609,1.126,0.759,-67.620,152.880,85.260
-0.626,1.047,0.662,-66.500,159.670,90.090
-0.657,1.028,0.724,-66.220,161.490,91.840
-0.690,1.048,0.766,-61.810,161.280,97.650
-0.701,1.015,0.733,-59.080,167.370,101.990
-0.712,0.999,0.849,-36.610,165.830,108.570
-0.713,0.978,0.975,-56.350,153.300,110.460
-0.712,0.960,0.889,-74.830,145.250,110.040
-0.733,1.025,0.723,-88.760,154.140,116.830
-0.756,1.059,0.774,-91.000,159.180,126.420
-0.795,1.008,0.874,-77.280,158.900,138.390
-0.830,0.951,0.947,-53.130,158.200,146.860
-0.849,0.862,1.050,-23.310,155.050,151.340
-0.868,0.723,1.211,-89.320,142.660,145.250
-0.888,0.460,1.129,-93.590,139.930,124.250
-0.848,0.590,1.195,-110.810,134.050,110.320
-0.812,0.624,1.184,-114.730,130.130,110.740
-0.803,0.703,1.187,-114.310,127.540,115.780
-0.828,0.737,1.218,-108.990,129.990,121.870
-0.856,0.721,1.355,-104.720,126.630,126.210
-0.894,0.737,1.528,-100.100,117.810,128.380
-0.914,0.744,1.627,-98.420,101.080,129.220
-0.914,0.732,1.670,-99.820,88.830,126.560
-0.898,0.773,1.716,-104.230,73.570,129.640
-0.895,0.819,1.724,-102.550,56.980,137.550
-0.874,0.763,1.709,-99.260,40.460,143.220
-0.854,0.644,1.635,-98.700,21.840,142.170
-0.828,0.561,1.562,-100.240,11.200,137.970
-0.817,0.532,1.503,-107.940,5.110,134.260
-0.801,0.516,1.477,-114.730,-1.260,134.190
-0.810,0.478,1.468,-115.290,-5.530,133.350
-0.804,0.450,1.543,-114.870,-17.010,130.340
-0.800,0.465,1.549,-118.580,-28.210,125.650
-0.806,0.549,1.509,-126.070,-36.680,125.510
-0.806,0.620,1.482,-129.990,-44.660,129.850
-0.826,0.630,1.436,-134.120,-54.670,135.170
-0.862,0.571,1.400,-135.520,-62.370,137.480
-0.859,0.436,1.340,-141.610,-68.740,129.430
-0.844,0.386,1.279,-150.080,-70.490,121.100
-0.820,0.396,1.254,-151.130,-69.930,116.690
-0.794,0.404,1.262,-175.910,-70.910,113.820
-0.787,0.407,1.284,-165.130,-70.280,112.420
-0.801,0.390,1.361,-167.020,-74.690,112.840
-0.799,0.332,1.415,-159.040,-85.820,111.160
-0.775,0.265,1.424,-151.130,-95.410,103.040
-0.760,0.222,1.384,-148.960,-102.480,96.390
-0.728,0.243,1.311,-148.050,-106.050,94.430
-0.703,0.254,1.278,-150.080,-106.190,94.570
-0.707,0.236,1.270,-146.860,-105.560,95.480
-0.716,0.180,1.291,-139.930,-109.970,94.780
-0.752,0.087,1.291,-142.520,-118.020,91.000
-0.729,-0.035,1.238,-146.790,-121.730,77.840
-0.686,-0.168,1.162,-155.260,-118.300,63.630
-0.631,-0.207,1.089,-159.250,-104.230,49.070
-0.573,-0.177,1.183,-157.150,-94.430,39.760
-0.552,-0.129,1.316,-150.500,-90.440,37.310
-0.528,-0.147,1.477,-136.780,-95.830,36.050
-0.524,-0.195,1.576,-122.150,-110.740,33.180
-0.518,-0.369,1.583,-107.450,-122.360,27.300
-0.523,-0.304,1.565,-100.240,-132.090,20.300
-0.508,-0.325,1.538,-95.340,-146.160,13.580
-0.495,-0.320,1.504,-90.230,-157.430,9.240
-0.485,-0.325,1.403,-79.450,-164.080,7.910
-0.480,-0.379,1.332,-76.160,-166.950,2.940
-0.458,-0.443,1.299,-72.310,-170.730,-8.330
-0.451,-0.446,1.280,-54.390,-176.750,-23.800
-0.440,-0.376,1.215,-64.960,-184.170,-31.850
-0.424,-0.297,1.036,-60.760,-188.440,-34.510
-0.404,-0.372,0.903,-50.260,-184.030,-32.760
-0.388,-0.311,0.840,-41.720,-176.470,-37.240
-0.354,-0.364,0.851,-36.260,-174.230,-48.930
-0.315,-0.292,0.862,-32.690,-175.420,-52.570
-0.287,-0.207,0.804,-26.320,-178.360,-49.560
-0.229,-0.230,0.723,-23.030,-177.030,-52.220
-0.197,-0.269,0.642,-25.970,-170.450,-57.260
-0.171,-0.222,0.647,-26.460,-163.800,-59.850
-0.123,-0.165,0.657,-26.110,-163.170,-60.550
-0.094,-0.117,0.636,-24.290,-163.520,-58.380
-0.089,-0.138,0.563,-25.970,-160.930,-60.340
-0.085,-0.174,0.456,-30.100,-156.100,-65.240
-0.068,-0.163,0.368,-35.210,-147.910,-66.710
-0.044,-0.207,0.325,-35.560,-134.400,-70.840
-0.027,-0.303,0.325,-42.420,-126.630,-89.950
-0.007,-0.269,0.302,-52.080,-117.810,-101.570
0.040,-0.136,0.305,-53.340,-107.030,-102.480
0.110,-0.024,0.366,-50.470,-102.270,-97.370
0.165,-0.002,0.409,-45.570,-99.540,-90.930
0.182,-0.003,0.436,-46.200,-98.140,-86.940
0.183,-0.041,0.403,-46.270,-93.870,-84.000
0.182,-0.141,0.393,-47.880,-88.340,-90.090
0.174,-0.238,0.420,-51.730,-84.210,-99.540
0.167,-0.214,0.446,-55.860,-81.830,-106.540
0.165,-0.128,0.423,-57.190,-80.010,-108.220
0.168,-0.037,0.404,-53.130,-78.330,-105.000
0.163,-0.046,0.376,-46.130,-75.390,-102.550
0.144,-0.128,0.395,-36.820,-75.320,-109.410
0.155,-0.230,0.358,-35.560,-75.180,-120.260

-0.330,1.528,0.701,44.730,186.970,-28.280
-0.324,1.446,0.624,24.080,158.130,-30.870
-0.300,1.521,0.376,15.400,157.430,-23.240
-0.272,1.622,0.185,13.650,167.090,-10.500
-0.252,1.632,0.035,27.160,189.560,4.760
-0.321,1.586,0.051,46.270,217.560,17.430
-0.362,1.444,0.293,59.920,239.470,15.330
-0.383,1.416,0.625,70.980,247.940,4.970
-0.417,1.573,0.827,76.790,247.170,4.690
-0.414,1.752,0.995,66.850,241.220,14.140
-0.383,1.842,1.134,62.160,221.830,28.910
-0.323,1.830,1.144,63.630,201.040,43.820
-0.268,1.719,1.067,63.140,184.800,58.380
-0.233,1.590,0.927,51.520,178.920,61.670
-0.200,1.495,0.815,36.400,181.230,61.740
-0.224,1.477,0.834,25.060,182.210,62.510
-0.271,1.499,0.861,18.620,173.950,65.800
-0.306,1.520,0.778,16.310,165.200,72.940
-0.332,1.524,0.610,10.500,165.060,78.750
-0.350,1.499,0.395,11.970,176.820,85.120
-0.406,1.514,0.344,15.470,189.770,95.200
-0.457,1.489,0.359,21.980,203.910,106.120
-0.496,1.281,0.472,58.310,212.660,115.990
-0.538,1.282,0.676,46.270,213.220,118.230
-0.591,1.176,0.834,49.280,218.050,117.530
-0.652,1.085,0.898,46.130,213.920,113.540
-0.661,0.962,1.008,36.750,204.820,102.620
-0.631,0.870,1.046,-11.760,195.160,81.480
-0.582,0.922,0.974,-31.010,190.050,72.590
-0.547,1.082,0.951,-45.570,183.400,76.720
-0.533,1.172,0.911,-48.650,179.200,86.800
-0.547,1.140,0.888,-44.520,176.330,96.390
-0.586,1.021,0.870,-39.900,174.930,97.930
-0.629,0.959,0.834,-27.720,177.310,97.860
-0.686,0.947,0.853,-5.110,183.750,98.420
-0.712,0.997,1.092,-10.640,185.430,100.450
-0.730,0.891,1.161,-30.310,181.440,89.670
-0.753,0.930,1.360,-82.740,169.890,82.950
-0.767,0.982,1.370,-107.170,152.390,77.560
-0.735,0.944,1.457,-112.490,132.020,69.020
-0.726,1.082,1.392,-119.980,117.740,77.980
-0.738,1.125,1.341,-117.320,110.740,84.070
-0.735,1.045,1.399,-123.830,103.110,82.320
-0.735,1.038,1.504,-132.020,87.360,79.380
-0.710,1.114,1.545,-140.070,70.700,82.180
-0.696,1.193,1.527,-140.840,54.250,94.360
-0.680,1.191,1.453,-138.180,41.230,105.280
-0.658,1.093,1.372,-135.940,34.230,111.930
-0.642,0.975,1.357,-135.520,26.600,113.820
-0.641,0.887,1.378,-138.110,18.830,114.030
-0.628,0.798,1.376,-143.990,11.550,111.300
-0.607,0.761,1.365,-151.060,7.210,107.100
-0.607,0.739,1.410,-164.990,-15.400,103.250
-0.624,0.825,1.490,-149.310,-12.670,108.570
-0.654,0.850,1.525,-134.820,-30.730,115.570
-0.670,0.738,1.415,-132.510,-41.720,114.100
-0.662,0.656,1.324,-138.810,-43.260,109.130
-0.665,0.617,1.388,-145.180,-47.740,103.810
-0.685,0.568,1.464,-151.060,-61.600,92.540
-0.663,0.497,1.410,-157.360,-74.620,82.250
-0.653,0.486,1.292,-163.940,-77.070,73.290
-0.633,0.504,1.249,-169.470,-75.880,66.220
-0.621,0.543,1.293,-176.330,-77.910,61.600
-0.617,0.593,1.333,-177.800,-82.530,63.000
-0.606,0.610,1.346,-168.070,-91.420,67.620
-0.616,0.594,1.310,-155.750,-95.830,72.590
-0.626,0.550,1.295,-148.610,-97.230,78.610
-0.625,0.446,1.318,-139.580,-101.290,80.570
-0.615,0.325,1.315,-136.360,-104.860,75.320
-0.595,0.264,1.371,-128.730,-110.670,66.640
-0.590,0.272,1.389,-121.240,-119.070,60.340
-0.594,0.283,1.403,-107.660,-131.040,56.630
-0.587,0.264,1.324,-101.360,-139.720,54.320
-0.574,0.235,1.212,-90.860,-143.570,52.430
-0.577,0.178,1.156,-86.590,-144.550,47.530
-0.579,0.112,1.100,-88.060,-142.800,36.610
-0.570,0.086,1.039,-95.970,-137.970,26.950
-0.542,0.082,1.010,-110.460,-125.440,16.170
-0.506,0.100,1.057,-126.490,-117.320,6.650
-0.483,0.159,1.172,-132.440,-114.450,1.960
-0.468,0.202,1.274,-123.480,-117.740,4.340
-0.450,0.168,1.343,-111.860,-129.080,5.460
-0.430,0.077,1.342,-99.190,-136.850,0.630
-0.407,0.039,1.339,-86.240,-145.460,-5.110
-0.396,0.045,1.294,-77.140,-156.100,-7.560
-0.385,0.065,1.114,-69.090,-158.830,-7.280
-0.383,0.071,1.050,-59.570,-156.520,-4.410
-0.378,-0.007,1.058,-51.310,-159.390,-6.440
-0.349,-0.078,0.989,-53.550,-161.560,-13.790
-0.330,-0.082,0.888,-55.510,-156.030,-21.630
-0.294,-0.036,0.853,-54.390,-147.700,-24.570
-0.257,-0.014,0.929,-53.690,-143.570,-27.930
-0.210,0.025,0.950,-52.570,-146.650,-28.280
-0.180,0.090,0.855,-47.880,-146.510,-24.710
-0.164,0.084,0.799,-42.350,-141.330,-22.540
-0.138,0.049,0.780,-38.850,-137.550,-22.470
-0.138,0.036,0.769,-32.830,-133.840,-20.230
-0.122,-0.004,0.788,-27.790,-131.530,-19.530
-0.102,-0.092,0.817,-28.770,-131.670,-26.670
-0.077,-0.145,0.793,-36.400,-130.620,-33.320
-0.039,-0.149,0.762,-42.770,-123.760,-39.340
-0.003,-0.112,0.821,-51.310,-123.830,-42.630
0.027,-0.090,0.809,-54.880,-124.530,-43.890
0.060,-0.128,0.791,-55.440,-123.620,-49.420
0.100,-0.113,0.779,-57.260,-124.460,-54.670
0.107,-0.016,0.722,-54.530,-125.300,-53.130
0.125,0.001,0.632,-48.720,-122.500,-48.720
0.142,-0.097,0.588,-44.380,-116.200,-51.940
0.145,-0.177,0.598,-46.690,-113.610,-62.160
0.154,-0.144,0.575,-49.490,-110.950,-64.120
0.150,-0.147,0.563,-46.480,-109.130,-65.590
0.143,-0.219,0.535,-46.970,-108.220,-72.800
0.147,-0.241,0.474,-52.150,-103.460,-85.260
0.165,-0.168,0.452,-52.920,-97.580,-88.690
0.199,-0.118,0.468,-50.610,-94.920,-91.140
0.223,-0.079,0.449,-48.790,-94.290,-92.750
0.238,-0.020,0.389,-44.100,-89.880,-91.840
0.253,0.007,0.370,-38.150,-84.560,-89.530
0.264,0.005,0.360,-30.520,-81.410,-87.990

-0.193,1.834,0.715,78.050,176.610,-163.940
-0.171,2.119,0.716,87.430,148.540,-132.230
-0.149,2.174,0.421,144.550,112.420,-95.550
-0.167,2.047,0.103,139.300,104.860,-60.970
-0.183,1.508,-0.223,145.320,116.130,-65.870
-0.222,1.225,-0.393,138.180,150.080,-89.110
-0.311,1.206,-0.353,107.030,177.940,-113.050
-0.364,1.428,-0.170,81.480,195.440,-126.280
-0.370,1.862,0.102,88.340,195.720,-117.740
-0.367,2.101,0.268,95.760,184.730,-99.680
-0.380,2.221,0.238,95.060,169.680,-77.910
-0.393,2.239,0.093,87.570,168.980,-56.420
-0.381,2.180,-0.014,86.520,174.580,-33.880
-0.363,2.074,-0.030,86.800,182.840,-19.530
-0.372,1.989,0.020,89.250,188.720,-8.890
-0.423,1.895,0.046,99.610,195.300,-4.060
-0.445,1.922,0.101,131.460,201.670,8.190
-0.478,1.897,0.273,104.860,199.990,8.260
-0.529,1.780,0.346,96.740,194.180,2.800
-0.564,1.820,0.347,94.010,187.530,3.150
-0.558,1.819,0.357,61.320,183.960,2.800
-0.526,1.786,0.320,47.180,184.100,1.190
-0.495,1.828,0.310,37.870,187.950,5.530
-0.470,1.920,0.377,32.200,190.120,15.190
-0.461,1.973,0.499,28.630,184.590,30.660
-0.451,1.954,0.552,25.620,171.710,46.200
-0.433,1.897,0.390,30.450,159.390,60.620
-0.413,1.894,0.214,35.280,159.320,77.490
-0.405,1.967,-0.086,116.690,172.550,112.210
-0.457,1.937,-0.064,91.840,186.760,129.220
-0.507,1.713,0.051,101.990,202.580,132.370
-0.622,1.659,0.339,100.310,202.930,137.970
-0.633,1.502,0.527,105.700,189.280,133.350
-0.605,1.376,0.564,96.320,179.970,120.120
-0.578,1.439,0.583,77.420,175.490,117.110
-0.535,1.494,0.599,68.740,164.360,116.830
-0.486,1.537,0.543,64.330,155.750,120.750
-0.448,1.552,0.445,54.180,150.990,126.770
-0.436,1.484,0.291,49.560,150.850,128.940
-0.432,1.405,0.180,34.020,156.940,125.790
-0.454,1.383,0.147,17.990,168.210,120.610
-0.477,1.407,0.346,16.800,165.900,119.980
-0.474,1.415,0.426,21.980,153.650,121.030
-0.448,1.355,0.344,48.580,142.940,121.590
-0.452,1.230,0.261,32.200,144.760,114.100
-0.448,1.059,0.280,10.570,146.790,96.600
-0.414,0.983,0.360,0.140,147.000,77.350
-0.366,1.064,0.481,-7.770,142.030,61.880
-0.321,1.275,0.559,-18.550,134.050,58.030
-0.263,1.448,0.590,-38.850,127.190,61.600
-0.271,1.614,0.582,-40.250,129.430,74.690
-0.245,1.611,0.775,-38.570,118.090,80.220
-0.226,1.578,0.815,-43.610,105.840,83.370
-0.225,1.591,0.748,-47.810,101.710,90.300
-0.229,1.584,0.746,-46.270,97.510,93.940
-0.226,1.570,0.814,-44.100,88.270,95.200
-0.236,1.591,0.834,-41.720,74.270,98.350
-0.222,1.581,0.772,-44.520,62.020,103.110
-0.219,1.542,0.645,-51.170,56.350,103.950
-0.213,1.537,0.540,-57.960,56.140,104.580
-0.236,1.555,0.547,-61.740,55.230,107.590
-0.233,1.542,0.628,-67.760,47.250,109.200
-0.223,1.524,0.628,-73.850,40.600,111.230
-0.223,1.566,0.630,-80.430,35.770,116.830
-0.216,1.542,0.627,-86.800,31.010,120.610
-0.235,1.488,0.683,-97.580,26.670,121.870
-0.221,1.459,0.736,-103.460,18.620,122.220
-0.223,1.508,0.737,-108.850,9.240,128.730
-0.228,1.503,0.673,-108.710,1.260,135.170
-0.226,1.416,0.555,-111.160,3.780,134.960
-0.245,1.375,0.621,-114.870,4.130,134.120
-0.235,1.389,0.716,-119.490,-0.630,137.270
-0.223,1.388,0.798,-125.510,-9.170,140.420
-0.217,1.338,0.848,-131.180,-23.520,140.840
-0.186,1.296,0.792,-143.150,-38.430,144.200
-0.182,1.183,0.595,-146.650,-35.630,138.180
-0.191,1.089,0.564,-143.500,-23.800,133.210
-0.175,1.140,0.890,-141.890,-37.520,133.630
-0.198,1.186,0.950,-135.660,-61.390,139.090
-0.192,1.101,0.773,-129.500,-76.440,139.230
-0.197,0.928,0.526,-135.800,-71.190,134.050
-0.192,0.855,0.451,-139.790,-56.280,128.660
-0.177,0.810,0.564,-137.270,-51.450,120.890
-0.142,0.809,0.667,-129.150,-53.340,111.020
-0.128,0.895,0.705,-118.370,-56.910,107.170
-0.103,1.109,0.773,-110.740,-63.140,110.880
-0.096,1.003,0.846,-113.820,-70.700,114.100
-0.082,0.944,0.874,-114.030,-84.350,113.190
-0.074,0.892,0.779,-113.400,-89.110,112.910
-0.070,0.875,0.737,-76.090,-92.680,116.970
-0.056,0.809,0.759,-50.330,-96.250,117.670
-0.045,0.725,0.757,-50.190,-99.750,112.840
-0.020,0.719,0.722,-49.210,-108.920,108.570
-0.018,0.761,0.602,-46.340,-109.620,111.300
-0.008,0.725,0.521,-37.870,-104.510,111.790
-0.003,0.637,0.572,-34.020,-102.830,108.430
0.019,0.606,0.629,-32.620,-112.560,105.770
0.022,0.570,0.532,-35.420,-116.690,102.690
0.038,0.561,0.419,-37.100,-114.730,103.180
0.031,0.502,0.384,-45.850,-108.850,103.880
0.054,0.360,0.427,-53.690,-108.220,98.700
0.116,0.218,0.424,-72.730,-111.580,85.680
0.151,0.158,0.325,-76.650,-107.030,70.490
0.188,0.206,0.264,-79.240,-97.580,60.270
0.220,0.325,0.313,-81.410,-92.400,60.690
0.232,0.342,0.361,-82.110,-91.700,63.140
0.222,0.246,0.351,-91.420,-89.810,59.570
0.220,0.134,0.328,-106.680,-85.610,42.140
0.244,0.130,0.296,-128.030,-79.380,28.560
0.284,0.245,0.330,-142.450,-72.590,22.470
0.310,0.368,0.432,-145.250,-70.210,24.290
0.342,0.384,0.497,-140.280,-74.970,27.370
0.357,0.329,0.533,-136.710,-80.990,27.580
0.363,0.275,0.509,-133.420,-84.630,24.710
0.368,0.245,0.483,-131.320,-83.720,21.910
0.372,0.234,0.530,-130.550,-85.470,19.390
0.379,0.222,0.563,-126.630,-91.350,15.680
0.382,0.231,0.508,-125.790,-95.620,12.530
0.383,0.259,0.410,-121.520,-93.380,14.070

-0.018,1.464,-1.006,60.410,73.710,-185.710
-0.046,1.569,-0.918,66.570,77.700,-174.370
-0.076,1.569,-0.927,72.170,78.680,-165.900
-0.148,1.544,-1.004,70.910,85.750,-160.300
-0.219,1.520,-1.084,67.270,96.740,-155.190
-0.272,1.537,-1.111,62.020,108.640,-151.900
-0.334,1.583,-1.124,55.860,123.270,-143.500
-0.341,1.562,-1.155,36.050,139.930,-136.290
-0.369,1.456,-1.106,63.140,159.950,-138.880
-0.379,1.498,-0.860,63.140,165.970,-141.190
-0.327,1.573,-0.726,70.630,157.640,-143.080
-0.297,1.735,-0.777,73.290,159.600,-131.950
-0.285,1.913,-0.792,68.250,168.070,-113.540
-0.250,1.932,-0.732,56.770,174.790,-99.330
-0.244,1.941,-0.757,45.780,181.090,-89.530
-0.284,2.017,-0.777,42.560,198.170,-69.230
-0.310,2.088,-0.558,42.490,207.480,-53.060
-0.320,2.072,-0.171,42.630,194.320,-39.480
-0.303,2.022,-0.055,37.310,173.880,-27.020
-0.268,1.893,-0.197,26.390,163.800,-20.930
-0.224,1.770,-0.376,18.690,169.190,-17.360
-0.183,1.775,-0.405,13.930,174.860,-7.490
-0.153,1.724,-0.376,11.900,176.330,2.310
-0.166,1.599,-0.363,11.060,172.760,7.910
-0.184,1.394,-0.496,12.320,177.590,5.180
-0.227,1.301,-0.574,17.220,202.650,-1.260
-0.230,1.343,-0.280,20.580,205.100,-4.130
-0.201,1.477,-0.183,24.290,200.340,2.310
-0.184,1.527,-0.241,30.660,208.040,15.330
-0.238,1.401,-0.061,29.960,211.750,19.740
-0.230,1.173,0.204,27.090,195.300,11.970
-0.236,0.953,0.243,19.250,171.500,-6.440
-0.203,0.897,0.113,9.590,167.930,-23.520
-0.169,0.994,0.086,-16.310,171.150,-31.780
-0.137,1.162,0.200,-6.020,166.460,-31.710
-0.129,1.205,0.228,-9.870,158.620,-32.340
-0.136,1.225,0.160,-11.340,157.570,-34.720
-0.130,1.273,0.202,-9.940,157.710,-35.840
-0.115,1.455,0.279,-10.010,148.680,-29.750
-0.091,1.517,0.132,-7.420,142.030,-22.890
-0.098,1.507,0.032,-7.490,147.070,-18.900
-0.094,1.517,0.047,-8.750,151.970,-13.720
-0.118,1.537,0.161,-8.540,152.390,-9.870
-0.008,1.548,0.417,-12.250,140.210,-8.190
-0.202,1.562,0.488,-21.840,129.780,0.210
-0.187,1.538,0.630,-21.000,103.460,-2.100
-0.124,1.459,0.534,-30.310,82.740,-7.070
-0.116,1.672,0.323,-40.600,78.260,7.140
-0.121,1.738,0.159,-39.060,77.560,20.650
-0.129,1.686,0.118,-31.150,75.600,27.860
-0.140,1.715,0.095,-17.640,68.390,43.260
-0.168,1.767,-0.009,-3.850,61.950,59.780
-0.190,1.632,-0.174,5.950,62.650,67.760
-0.219,1.444,-0.356,13.370,77.420,65.730
-0.239,1.377,-0.329,11.060,90.580,61.740
-0.273,1.433,-0.110,-15.260,91.700,63.700
-0.298,1.432,0.113,-13.090,80.780,64.260
-0.307,1.364,0.362,-32.270,61.320,59.010
-0.257,1.364,0.265,-54.530,44.800,54.110
-0.228,1.459,0.124,-74.410,37.730,58.310
-0.213,1.601,0.005,-94.500,38.710,67.690
-0.204,1.665,-0.004,-106.750,38.990,79.800
-0.193,1.648,-0.015,-105.980,31.080,87.920
-0.219,1.636,-0.095,-105.420,30.450,97.440
-0.219,1.684,-0.157,-93.450,34.020,111.370
-0.232,1.593,-0.101,-87.710,33.810,120.680
-0.217,1.404,-0.055,-88.410,32.200,119.700
-0.224,1.305,-0.062,-91.560,34.370,115.710
-0.205,1.317,-0.020,-90.790,35.490,116.620
-0.159,1.347,0.063,-86.170,37.100,120.750
-0.153,1.395,0.259,-94.080,28.350,128.310
-0.117,1.300,0.097,-83.720,26.880,135.240
-0.127,1.123,0.020,-91.700,39.620,125.020
-0.112,1.205,0.310,-94.010,43.120,121.940
-0.072,1.365,0.512,-99.190,23.660,126.980
-0.055,1.491,0.432,-102.200,9.590,143.850
-0.059,1.418,0.259,-102.760,10.500,153.020
-0.066,1.268,0.236,-105.700,17.710,155.960
-0.075,1.163,0.414,-113.960,14.420,155.540
-0.073,1.085,0.481,-118.580,3.990,152.530
-0.060,1.037,0.457,-125.720,-4.200,147.490
-0.042,1.016,0.390,-128.870,-8.680,144.900
-0.018,0.997,0.333,-134.050,-9.380,142.380
0.023,1.005,0.338,-137.410,-9.030,142.660
0.036,1.012,0.364,-141.190,-9.240,145.670
0.043,0.952,0.420,-144.550,-12.600,145.880
0.058,0.885,0.437,-149.380,-20.020,142.450
0.090,0.849,0.409,-154.140,-20.720,138.950
0.102,0.839,0.450,-158.480,-21.420,137.830
0.125,0.814,0.520,-162.050,-28.070,137.620
0.145,0.776,0.534,-164.430,-36.890,137.410
0.144,0.699,0.461,-164.150,-44.520,136.430
0.142,0.581,0.399,-164.780,-46.480,129.990
0.125,0.450,0.365,-164.850,-46.690,115.850
0.143,0.401,0.338,-162.120,-43.190,104.230
0.173,0.414,0.366,-139.090,-39.130,95.760
0.195,0.474,0.499,-94.080,-48.230,90.650
0.264,0.574,0.493,-76.370,-52.780,93.240
0.271,0.608,0.435,-70.630,-53.760,95.060
0.289,0.586,0.393,-64.890,-51.450,96.250
0.283,0.579,0.410,-60.900,-51.030,98.700
0.248,0.506,0.409,-56.840,-52.640,97.650
0.235,0.405,0.407,-55.440,-53.760,86.800
0.246,0.327,0.398,-56.490,-54.670,76.300
0.269,0.355,0.407,-58.940,-54.530,70.280
0.325,0.367,0.432,-63.700,-57.050,64.540
0.349,0.381,0.415,-69.790,-58.030,59.570
0.379,0.435,0.380,-74.130,-56.140,60.060
0.405,0.463,0.399,-72.800,-54.250,63.350
0.406,0.413,0.450,-73.150,-56.210,61.740
0.421,0.386,0.463,-74.830,-58.380,59.290
0.428,0.408,0.457,-77.070,-58.940,58.310
0.441,0.462,0.488,-80.150,-60.900,61.600
0.440,0.483,0.512,-85.120,-64.890,67.270
0.415,0.384,0.503,-88.900,-67.410,67.060
0.406,0.267,0.489,-92.190,-70.210,60.410
0.409,0.224,0.429,-93.240,-69.090,52.850
0.410,0.242,0.457,-92.050,-67.970,48.230
0.431,0.244,0.535,-92.820,-72.170,42.000

-0.214,1.068,-1.423,-18.410,-4.620,-239.120
-0.285,1.261,-1.482,-16.520,16.730,-232.120
-0.263,1.391,-1.454,-7.210,31.080,-214.830
-0.239,1.399,-1.428,11.550,49.000,-205.450
-0.285,1.286,-1.210,16.030,74.550,-209.300
-0.281,1.241,-0.941,16.240,78.680,-218.470
-0.258,1.418,-0.814,18.480,78.820,-221.550
-0.242,1.594,-0.759,20.370,79.450,-215.180
-0.213,1.720,-0.763,21.350,80.570,-206.360
-0.179,1.821,-0.823,25.480,83.440,-194.670
-0.168,1.894,-0.900,30.030,88.200,-178.010
-0.158,1.915,-0.969,37.450,97.720,-166.110
-0.107,1.923,-0.951,46.200,106.120,-155.960
-0.042,1.943,-0.901,55.650,115.080,-144.620
-0.003,1.954,-0.838,60.410,124.390,-132.580
0.041,1.962,-0.723,59.850,126.350,-113.610
0.072,1.908,-0.686,56.490,124.670,-101.010
0.079,1.821,-0.728,50.330,126.840,-91.630
0.067,1.733,-0.750,44.310,127.610,-84.910
0.042,1.665,-0.807,33.670,128.240,-77.840
0.017,1.550,-0.951,26.880,139.650,-78.190
-0.028,1.477,-1.036,24.430,161.840,-86.030
-0.065,1.535,-0.806,25.970,184.870,-93.100
-0.074,1.735,-0.523,29.050,183.820,-90.300
-0.079,1.878,-0.367,26.250,176.330,-76.300
-0.047,1.910,-0.330,20.930,169.540,-64.540
-0.016,1.838,-0.379,14.140,171.710,-55.790
-0.001,1.802,-0.341,8.050,171.710,-44.520
-0.008,1.742,-0.335,2.520,170.590,-30.800
-0.035,1.575,-0.382,3.080,174.230,-26.950
-0.093,1.476,-0.392,6.020,187.740,-26.460
-0.180,1.419,-0.194,11.200,194.320,-28.840
-0.202,1.392,0.047,12.250,190.680,-35.490
-0.196,1.465,0.217,5.460,176.540,-36.260
-0.171,1.570,0.228,-2.310,161.980,-29.960
-0.155,1.599,0.126,-10.290,157.710,-21.700
-0.148,1.525,0.171,-16.030,152.250,-18.620
-0.136,1.422,0.184,-21.280,143.360,-20.020
-0.129,1.460,0.095,-21.490,139.020,-17.150
-0.115,1.513,-0.002,-15.820,146.230,-12.040
-0.109,1.541,0.103,-8.890,148.750,-7.140
-0.144,1.544,0.252,-5.600,145.530,-0.070
-0.155,1.474,0.420,-7.840,130.270,-0.140
-0.152,1.417,0.376,-8.330,106.400,-2.870
-0.184,1.449,0.182,-8.400,102.970,-0.350
-0.198,1.470,0.111,-7.140,101.780,5.530
-0.193,1.447,0.115,-7.980,96.180,8.330
-0.193,1.439,0.089,-11.690,90.720,11.200
-0.164,1.426,0.016,-18.970,90.090,11.480
-0.203,1.532,-0.053,-7.210,97.300,25.900
-0.195,1.412,0.100,2.520,89.530,23.380
-0.168,1.444,0.083,2.450,86.100,27.930
-0.193,1.491,0.097,2.870,89.250,37.100
-0.199,1.368,0.316,5.040,70.980,36.330
-0.195,1.233,0.265,4.130,55.230,28.070
-0.192,1.278,0.090,-0.420,52.150,27.160
-0.183,1.362,-0.003,-9.100,52.010,35.000
-0.193,1.293,-0.081,-15.680,55.160,35.910
-0.212,1.206,-0.130,-17.640,61.810,31.850
-0.225,1.233,-0.036,-20.790,66.850,30.520
-0.208,1.335,0.151,-27.160,62.090,34.300
-0.200,1.353,0.229,-34.020,51.030,36.540
-0.204,1.322,0.189,-37.520,48.090,34.160
-0.189,1.383,0.179,-42.980,46.270,35.210
-0.167,1.602,0.180,-43.400,41.930,51.870
-0.154,1.677,0.157,-39.760,39.200,69.160
-0.177,1.609,0.180,-36.610,36.190,81.970
-0.222,1.458,0.201,-37.170,30.170,86.310
-0.244,1.310,0.141,-38.010,27.790,82.670
-0.251,1.275,0.089,-36.610,27.510,80.500
-0.244,1.331,0.035,-33.740,28.700,82.250
-0.242,1.382,-0.012,-29.890,35.350,86.520
-0.249,1.375,0.032,-27.020,38.150,89.670
-0.246,1.340,0.090,-26.880,37.450,89.740
-0.240,1.331,0.115,-30.030,35.700,89.180
-0.222,1.362,0.156,-34.370,32.410,91.140
-0.202,1.393,0.145,-40.320,31.290,94.990
-0.188,1.392,0.136,-48.300,33.040,100.870
-0.175,1.395,0.180,-53.970,32.410,106.610
-0.160,1.378,0.194,-57.470,28.350,112.910
-0.159,1.333,0.170,-61.670,29.680,117.180
-0.172,1.264,0.232,-66.920,30.660,118.370
-0.168,1.198,0.352,-69.720,23.800,117.390
-0.169,1.175,0.408,-71.890,13.440,116.830
-0.159,1.139,0.381,-74.340,1.890,116.130
-0.120,1.067,0.310,-78.470,-2.100,110.390
-0.083,1.068,0.227,-84.490,1.050,103.530
-0.049,1.176,0.256,-87.220,4.060,106.400
-0.020,1.272,0.354,-89.390,-0.280,115.360
0.003,1.265,0.381,-91.910,-3.360,124.180
0.037,1.168,0.400,-97.930,-6.160,127.610
0.063,1.067,0.407,-104.440,-7.700,126.910
0.076,1.085,0.452,-114.940,-14.210,135.660
0.052,0.954,0.356,-111.300,-8.470,133.070
0.045,0.864,0.462,-116.550,-9.450,127.330
0.057,0.880,0.525,-120.400,-18.900,126.700
0.034,0.784,0.530,-121.520,-27.160,121.660
0.055,0.685,0.497,-121.240,-33.180,110.880
0.080,0.671,0.453,-120.820,-36.190,99.960
0.112,0.755,0.457,-120.610,-38.220,96.040
0.143,0.881,0.468,-116.970,-40.880,99.470
0.157,0.893,0.494,-113.330,-45.080,103.390
0.175,0.844,0.466,-103.180,-50.820,104.790
0.188,0.834,0.475,-60.970,-57.540,106.050
0.212,0.858,0.421,-42.210,-58.660,113.890
0.204,0.834,0.398,-37.940,-56.490,117.250
0.212,0.757,0.423,-36.890,-58.240,116.690
0.198,0.709,0.430,-32.620,-60.060,115.920
0.186,0.648,0.415,-32.760,-60.690,110.460
0.179,0.578,0.416,-36.750,-59.850,103.530
0.211,0.594,0.459,-42.910,-63.910,98.490
0.235,0.655,0.409,-48.020,-69.020,99.330
0.258,0.652,0.327,-48.720,-67.130,101.010
0.273,0.608,0.323,-45.500,-65.660,101.150
0.286,0.521,0.339,-39.130,-64.890,99.120
0.302,0.483,0.378,-36.120,-66.570,96.390
0.338,0.462,0.395,-37.520,-71.400,93.870
0.346,0.448,0.366,-39.760,-71.680,92.680
0.349,0.406,0.371,-45.780,-72.590,87.990

-0.170,0.858,-1.737,35.000,-73.640,-177.520
-0.180,1.195,-1.957,17.150,-43.540,-190.820
-0.130,1.632,-1.948,14.980,-0.420,-177.940
-0.150,2.010,-1.851,16.800,-2.940,-146.230
-0.142,2.190,-1.840,19.110,8.750,-103.460
-0.142,1.986,-1.808,22.400,25.060,-59.150
-0.123,1.553,-1.684,24.360,36.750,-53.550
-0.121,1.180,-1.503,22.330,46.130,-61.740
-0.121,0.878,-1.366,18.970,48.510,-68.950
-0.028,0.767,-1.299,18.410,45.150,-78.610
0.073,0.531,-1.403,18.690,56.700,-104.300
0.112,0.466,-1.585,16.940,83.580,-137.410
0.139,0.659,-1.542,15.610,113.120,-179.200
0.183,1.189,-1.285,20.020,127.050,-164.570
0.212,1.518,-1.073,26.320,126.350,-148.260
0.182,1.616,-0.996,30.170,126.630,-129.990
0.143,1.460,-0.997,30.170,131.320,-125.790
0.107,1.311,-0.982,24.500,140.490,-128.940
0.079,1.337,-0.899,17.640,149.380,-126.630
0.056,1.365,-0.764,13.370,153.230,-122.220
0.044,1.301,-0.672,10.780,151.480,-123.830
0.038,1.242,-0.711,7.000,155.050,-130.550
0.016,1.306,-0.715,1.680,163.450,-133.210
0.002,1.428,-0.630,-3.780,166.320,-128.030
-0.014,1.498,-0.588,-9.450,167.370,-123.900
-0.040,1.499,-0.595,-11.620,176.750,-122.640
-0.060,1.537,-0.449,-13.020,180.250,-119.700
-0.067,1.603,-0.339,-14.770,174.510,-111.020
-0.081,1.612,-0.391,-14.980,174.720,-106.470
-0.096,1.646,-0.370,-13.650,186.970,-100.870
-0.110,1.731,-0.205,-13.160,185.430,-83.930
-0.140,1.748,-0.130,-15.190,181.230,-69.930
-0.219,1.610,-0.054,-11.060,188.300,-66.640
-0.258,1.471,0.202,-12.250,183.820,-74.130
-0.236,1.551,0.368,-15.050,164.360,-78.750
-0.218,1.722,0.317,-16.240,149.730,-70.210
-0.192,1.817,0.205,-14.770,144.480,-58.940
-0.176,1.837,0.230,-13.930,137.200,-49.350
-0.131,1.848,0.217,-13.720,126.000,-33.880
-0.092,1.854,0.116,-10.430,119.210,-17.010
-0.039,1.759,-0.006,-1.050,121.520,-5.390
-0.078,1.630,-0.051,0.630,128.730,6.020
-0.031,1.553,0.103,17.360,123.130,5.530
0.012,1.517,0.119,22.750,119.770,3.780
0.037,1.634,0.168,27.720,121.100,12.740
0.024,1.705,0.311,32.480,108.920,24.360
0.020,1.639,0.404,38.710,91.350,28.910
0.012,1.554,0.339,43.400,73.430,27.370
0.003,1.588,0.128,40.880,65.730,30.590
-0.019,1.718,-0.072,29.750,67.830,49.840
-0.041,1.704,-0.157,21.210,66.220,61.110
-0.072,1.594,-0.285,16.240,68.320,67.130
-0.105,1.518,-0.352,13.720,76.860,71.890
-0.117,1.473,-0.277,7.630,75.390,77.910
-0.118,1.411,-0.280,0.280,71.400,81.900
-0.122,1.317,-0.341,-6.370,73.920,79.730
-0.125,1.283,-0.307,-12.810,80.010,77.560
-0.124,1.318,-0.207,-17.990,80.780,78.610
-0.102,1.329,-0.102,-24.500,76.790,80.290
-0.074,1.290,-0.098,-27.090,72.730,77.140
-0.057,1.352,-0.173,-32.270,72.380,77.700
-0.055,1.454,-0.201,-34.230,74.830,84.560
-0.051,1.515,-0.178,-31.360,77.350,97.090
-0.063,1.478,-0.098,-28.210,75.530,105.490
-0.084,1.367,-0.015,-26.880,67.200,108.850
-0.054,1.213,0.029,-29.330,61.180,103.740
-0.036,1.121,0.026,-34.580,54.530,93.590
0.000,1.224,-0.052,-39.340,51.450,90.160
0.018,1.352,-0.175,-37.590,58.730,96.950
0.027,1.386,-0.130,-34.160,65.940,103.110
0.027,1.374,0.056,-31.220,60.550,108.150
0.030,1.365,0.079,-28.910,55.300,112.910
0.040,1.334,0.046,-30.520,53.760,116.970
0.046,1.333,0.026,-32.970,53.830,122.010
0.057,1.317,0.030,-35.490,55.160,126.350
0.058,1.270,0.077,-37.520,57.750,128.380
0.080,1.265,0.190,-42.140,50.890,131.950
0.079,1.234,0.171,-48.090,50.400,134.260
0.046,1.188,0.285,-55.160,40.810,137.690
0.081,1.028,0.280,-59.360,28.280,124.950
0.095,0.893,0.179,-66.850,27.230,110.810
0.128,1.044,0.123,-68.390,29.120,110.390
0.143,1.062,0.219,-71.190,26.950,108.780
0.164,1.122,0.276,-75.040,20.090,110.740
0.194,1.143,0.262,-80.290,15.260,114.240
0.207,1.149,0.242,-89.600,15.260,117.670
0.229,1.159,0.292,-99.400,10.850,122.780
0.244,1.161,0.276,-107.590,7.770,129.850
0.231,1.094,0.285,-111.300,6.230,134.260
0.222,1.017,0.328,-115.780,2.800,135.870
0.225,0.937,0.370,-121.730,-1.470,134.960
0.225,0.864,0.409,-129.150,-8.960,130.970
0.221,0.759,0.396,-132.930,-17.710,124.040
0.235,0.693,0.314,-135.660,-20.720,114.030
0.269,0.693,0.258,-136.990,-17.080,104.440
0.290,0.765,0.306,-136.360,-16.450,99.540
0.303,0.874,0.386,-128.940,-19.810,101.920
0.328,0.906,0.462,-120.610,-28.140,105.840
0.346,0.871,0.465,-111.930,-39.690,107.520
0.333,0.844,0.393,-98.630,-43.820,110.810
0.321,0.769,0.360,-81.410,-45.920,112.910
0.320,0.704,0.317,-20.790,-68.390,112.770
0.315,0.649,0.316,4.340,-55.720,113.260
0.294,0.573,0.312,6.720,-51.310,109.830
0.312,0.537,0.391,-17.780,-56.350,105.070
0.302,0.557,0.358,-5.040,-61.040,105.420
0.284,0.512,0.285,-12.320,-60.060,103.670
0.286,0.437,0.265,-22.470,-58.380,96.950
0.302,0.424,0.277,-31.500,-60.900,91.630
0.317,0.466,0.242,-36.610,-61.530,90.720
0.341,0.458,0.219,-36.680,-62.090,91.000
0.361,0.389,0.220,-35.770,-63.000,87.780
0.370,0.324,0.215,-37.100,-64.750,82.320
0.409,0.313,0.185,-38.640,-65.660,78.540
0.430,0.345,0.139,-43.400,-65.030,78.960
0.419,0.332,0.092,-47.530,-61.880,79.380
0.407,0.243,0.100,-48.650,-58.660,76.440
0.384,0.169,0.157,-49.420,-57.190,71.120
0.250,0.125,0.282,-52.780,-62.510,64.890

-0.279,0.672,-1.941,-14.420,-48.720,-316.190
-0.291,1.203,-1.979,-13.090,-8.260,-301.910
-0.255,1.586,-1.850,2.310,4.410,-274.750
-0.251,1.497,-1.795,20.160,3.990,-261.310
-0.271,1.369,-1.848,37.310,8.260,-256.410
-0.267,1.222,-1.853,49.700,8.330,-259.140
-0.249,1.098,-1.977,54.390,21.070,-267.680
-0.229,1.096,-2.079,53.130,49.770,-279.090
-0.203,1.225,-1.995,45.360,91.840,-280.840
-0.130,1.370,-1.722,44.800,111.160,-279.580
-0.102,1.548,-1.459,42.560,115.290,-272.300
-0.058,1.815,-1.334,35.560,111.300,-257.040
-0.015,1.970,-1.351,33.460,111.650,-233.590
0.006,1.999,-1.358,32.060,114.940,-208.670
0.006,1.888,-1.362,31.570,115.990,-190.470
-0.006,1.690,-1.369,29.400,119.980,-177.240
-0.021,1.637,-1.317,21.630,122.360,-166.600
-0.019,1.578,-1.320,9.870,135.660,-158.200
-0.055,1.497,-1.233,-4.620,146.440,-154.140
-0.071,1.479,-1.085,-22.260,147.070,-147.980
-0.082,1.535,-1.086,-29.400,148.050,-139.230
-0.092,1.546,-1.136,-31.080,162.260,-129.570
-0.096,1.525,-1.011,-27.090,169.960,-118.230
-0.099,1.431,-0.884,-21.490,169.890,-108.220
-0.142,1.336,-0.875,-19.880,175.910,-106.330
-0.210,1.258,-0.738,-18.200,194.110,-109.060
-0.240,1.233,-0.462,-21.420,194.250,-116.340
-0.254,1.273,-0.281,-29.470,184.310,-122.920
-0.235,1.422,-0.222,-37.730,170.660,-122.080
-0.197,1.624,-0.249,-43.680,166.180,-111.370
-0.163,1.789,-0.212,-51.520,157.220,-85.680
-0.122,1.820,-0.226,-55.230,144.340,-67.760
-0.113,1.762,-0.473,-56.910,141.190,-52.570
-0.150,1.675,-0.638,-54.250,155.610,-41.300
-0.186,1.506,-0.569,-47.600,169.260,-37.940
-0.202,1.457,-0.375,-43.260,173.740,-39.340
-0.190,1.515,-0.167,-39.200,163.590,-36.610
-0.153,1.564,-0.186,-34.930,157.010,-32.480
-0.119,1.600,-0.252,-31.150,157.080,-28.700
-0.112,1.662,-0.250,-29.540,160.510,-22.120
-0.108,1.710,-0.098,-28.980,153.020,-14.000
-0.086,1.724,-0.048,-29.610,137.900,-3.780
-0.085,1.767,-0.138,-34.090,127.330,8.260
-0.109,1.770,-0.278,-35.980,128.590,21.770
-0.001,1.666,-0.279,-38.080,131.250,28.280
-0.200,1.562,-0.321,-26.040,134.960,31.010
-0.154,1.575,-0.182,-11.200,128.590,36.610
-0.124,1.534,-0.113,-19.320,116.690,36.540
-0.118,1.559,-0.193,-26.740,111.510,39.970
-0.144,1.606,-0.156,-27.930,109.130,45.990
-0.120,1.664,-0.092,-26.740,101.430,56.420
-0.131,1.699,-0.103,-21.700,92.540,64.470
-0.157,1.761,-0.128,-20.020,81.620,79.590
-0.151,1.720,-0.228,-26.810,77.770,94.010
-0.156,1.563,-0.320,-38.570,80.150,100.240
-0.164,1.393,-0.371,-57.750,85.680,101.220
-0.149,1.346,-0.377,-70.840,92.400,99.820
-0.159,1.384,-0.299,-92.190,97.860,101.080
-0.119,1.567,-0.480,-89.600,101.290,121.730
-0.235,1.241,-0.331,-89.180,126.350,111.510
-0.195,1.329,0.131,-95.340,114.520,96.810
-0.133,1.458,0.355,-97.090,76.930,101.570
-0.092,1.588,0.209,-100.940,48.370,115.570
-0.061,1.563,-0.213,-101.780,57.050,127.120
-0.043,1.486,-0.190,-101.780,70.420,136.990
-0.042,1.437,0.059,-136.780,69.720,148.120
-0.084,1.386,0.063,-115.150,65.730,159.460
-0.108,1.127,-0.009,-75.250,68.530,154.980
-0.103,0.905,0.067,-53.760,70.700,137.060
-0.070,0.898,0.173,-49.210,65.380,120.750
-0.037,1.200,0.202,-56.000,60.760,121.240
-0.034,1.238,0.229,-64.050,58.100,127.330
-0.018,1.193,0.322,-77.420,49.630,128.170
0.026,1.164,0.377,-96.740,31.990,127.120
0.069,1.199,0.302,-114.100,23.450,131.250
0.077,1.247,0.198,-125.020,23.310,159.180
0.062,1.161,0.183,-132.090,26.040,148.890
0.026,1.068,0.217,-137.690,29.470,150.640
-0.019,1.002,0.330,-137.200,26.950,152.250
-0.044,0.889,0.468,-140.140,10.850,149.170
-0.041,0.771,0.458,-147.210,-4.340,139.230
-0.025,0.713,0.369,-157.570,-14.840,124.880
0.012,0.759,0.251,-168.070,-16.940,119.560
0.092,0.848,0.175,-174.090,-10.010,122.150
0.123,0.904,0.262,-168.350,-6.510,128.730
0.146,0.868,0.373,-164.430,-6.370,132.230
0.166,0.806,0.490,-164.920,-11.550,131.740
0.206,0.820,0.528,-167.440,-19.530,132.860
0.202,0.855,0.499,-169.330,-26.950,138.320
0.189,0.853,0.468,-159.390,-30.170,146.720
0.162,0.742,0.464,-118.930,-36.050,149.940
0.113,0.476,0.527,-69.230,-49.350,137.690
0.172,0.349,0.481,-55.300,-59.710,118.370
0.195,0.372,0.325,-56.140,-57.610,103.950
0.243,0.504,0.300,-53.410,-55.090,100.030
0.279,0.592,0.337,-42.280,-56.770,99.610
0.302,0.596,0.354,-35.980,-60.200,97.580
0.313,0.615,0.314,-34.510,-63.630,96.740
0.319,0.648,0.246,-30.940,-60.060,98.840
0.325,0.638,0.258,-25.760,-56.840,98.560
0.340,0.617,0.308,-15.890,-56.770,97.580
0.345,0.690,0.347,-6.370,-57.260,103.320
0.337,0.719,0.360,-3.290,-55.860,109.900
0.344,0.678,0.407,-6.020,-55.930,114.730
0.319,0.559,0.484,-13.650,-61.880,112.490
0.319,0.434,0.520,-19.740,-74.760,103.670
0.324,0.363,0.379,-27.720,-83.440,93.240
0.332,0.353,0.256,-31.570,-80.360,85.960
0.328,0.390,0.251,-30.660,-77.490,83.020
0.317,0.368,0.314,-28.280,-78.960,80.290
0.306,0.335,0.381,-23.240,-86.590,77.700
0.292,0.306,0.427,-20.440,-96.460,75.110
0.289,0.251,0.373,-20.440,-103.320,71.330
0.279,0.032,0.308,-30.100,-107.450,61.250
0.308,0.015,0.217,-31.710,-107.940,48.300
0.387,0.008,0.174,-40.110,-104.790,36.820
0.400,0.067,0.158,-45.290,-101.990,31.080
0.441,0.122,0.163,-48.720,-98.700,28.630
0.430,0.164,0.231,-47.670,-101.150,28.980

-0.204,0.518,-1.756,-11.340,-103.810,-204.400
-0.160,0.527,-1.708,-3.640,-90.020,-211.260
-0.148,0.488,-1.675,-21.140,-76.510,-225.120
-0.190,0.505,-1.758,-26.110,-49.630,-240.450
-0.191,0.654,-1.717,-52.010,-26.250,-249.340
-0.190,0.929,-1.578,-34.300,-13.370,-245.280
-0.191,1.004,-1.399,-40.180,-10.430,-243.320
-0.180,1.064,-1.422,-43.540,-9.240,-239.960
-0.167,1.141,-1.514,-42.910,-0.980,-233.310
-0.163,1.250,-1.566,-39.830,10.150,-221.410
-0.128,1.294,-1.676,-40.880,19.740,-210.910
-0.145,1.329,-1.748,-40.600,37.940,-191.940
-0.135,1.247,-1.740,-36.400,57.540,-179.620
-0.177,1.075,-1.557,-33.320,80.290,-178.430
-0.234,0.882,-1.359,-33.810,86.940,-190.050
-0.258,0.922,-1.294,-36.820,93.940,-200.620
-0.288,1.070,-1.268,-42.630,105.700,-201.810
-0.305,1.256,-1.137,-44.520,116.830,-194.810
-0.297,1.383,-1.049,-49.840,119.210,-185.710
-0.293,1.589,-1.012,-56.840,117.460,-163.100
-0.289,1.710,-1.091,-62.720,119.350,-141.120
-0.325,1.795,-1.220,-62.020,139.160,-115.010
-0.345,1.804,-1.109,-56.630,155.680,-79.100
-0.377,1.612,-0.820,-54.880,156.940,-63.700
-0.423,1.339,-0.633,-54.670,144.060,-64.120
-0.440,1.170,-0.659,-56.910,141.120,-71.680
-0.428,1.209,-0.716,-61.180,145.390,-69.370
-0.428,1.298,-0.698,-62.370,149.240,-61.810
-0.426,1.202,-0.662,-60.270,149.520,-61.950
-0.432,1.136,-0.745,-56.630,154.840,-64.400
-0.466,1.078,-0.838,-47.600,174.580,-75.880
-0.476,1.126,-0.700,-40.740,190.330,-87.220
-0.446,1.293,-0.430,-32.620,192.430,-92.400
-0.393,1.492,-0.381,-34.860,185.150,-87.780
-0.337,1.725,-0.414,-31.220,180.250,-75.600
-0.283,1.848,-0.457,-26.390,173.950,-56.910
-0.226,1.893,-0.556,-20.300,172.970,-34.440
-0.243,1.837,-0.587,-21.280,178.080,-8.400
-0.290,1.604,-0.461,-23.240,177.310,1.960
-0.305,1.333,-0.329,-27.300,172.200,-2.940
-0.293,1.181,-0.263,-31.920,168.560,-17.710
-0.261,1.247,-0.203,-30.800,165.970,-21.630
-0.211,1.408,-0.118,-29.260,157.920,-16.310
-0.174,1.492,-0.100,-24.990,154.070,-5.740
-0.168,1.495,-0.058,-35.350,147.840,0.000
-0.163,1.473,-0.045,-41.020,136.780,4.550
-0.154,1.470,-0.096,-44.310,133.560,9.380
-0.146,1.494,-0.113,-46.480,128.590,18.480
-0.141,1.527,-0.149,-47.530,124.040,26.670
-0.145,1.526,-0.344,-48.580,121.940,34.650
-0.155,1.517,-0.366,-49.980,129.850,41.720
-0.148,1.525,-0.387,-47.600,142.100,52.080
-0.148,1.529,-0.346,-46.760,152.110,59.570
-0.144,1.512,-0.295,-41.090,162.190,64.890
-0.149,1.516,-0.204,-35.980,166.460,71.540
-0.186,1.521,-0.147,-30.380,170.030,80.500
-0.220,1.389,-0.034,-27.860,170.590,77.910
-0.209,1.322,0.100,-26.670,164.570,69.090
-0.216,1.356,0.269,-34.440,145.040,62.160
-0.196,1.428,0.263,-45.010,121.170,57.470
-0.193,1.553,0.151,-55.300,102.620,62.090
-0.223,1.714,-0.017,-82.460,100.800,70.910
-0.153,1.762,-0.165,-87.360,100.520,78.470
-0.182,1.898,-0.267,-85.960,107.730,98.000
-0.210,1.912,-0.187,-81.690,110.530,120.890
-0.217,1.709,-0.071,-80.710,105.700,128.310
-0.256,1.434,0.014,-83.370,100.590,123.340
-0.261,1.369,0.172,-85.750,87.920,120.890
-0.229,1.286,0.292,-86.870,59.570,114.940
-0.185,1.224,0.213,-90.300,42.700,106.400
-0.151,1.324,0.058,-97.230,34.580,109.760
-0.102,1.315,-0.150,-95.410,46.340,110.600
-0.091,1.314,-0.025,-96.460,51.170,113.330
-0.048,1.400,0.182,-99.750,40.320,122.990
-0.037,1.428,0.078,-104.020,36.540,139.300
-0.036,1.367,-0.032,-102.760,47.460,148.610
-0.024,1.334,0.069,-105.840,55.650,158.410
-0.048,1.285,0.289,-111.020,50.330,167.230
-0.075,1.144,0.358,-114.170,38.150,170.800
-0.106,0.798,0.360,-120.540,24.710,158.830
-0.105,0.685,0.307,-128.380,15.470,139.650
-0.091,0.658,0.250,-131.810,14.770,121.170
-0.066,0.838,0.322,-133.210,12.040,111.650
-0.044,0.989,0.421,-127.890,4.340,114.940
-0.011,1.054,0.503,-119.560,-8.750,121.660
0.021,1.031,0.482,-114.100,-28.770,126.420
0.036,0.953,0.359,-108.080,-31.990,127.470
0.041,0.931,0.315,-102.200,-28.630,130.970
0.056,0.929,0.383,-97.580,-28.420,138.250
0.055,0.882,0.460,-96.880,-30.450,142.100
0.035,0.796,0.535,-93.940,-34.230,141.400
-0.000,0.680,0.693,-91.000,-54.670,134.120
0.015,0.574,0.642,-86.450,-73.780,120.960
-0.004,0.499,0.463,-78.260,-79.870,101.920
0.018,0.490,0.324,-70.700,-73.780,90.650
0.057,0.528,0.412,-66.430,-71.540,83.650
0.076,0.575,0.469,-61.250,-75.670,79.100
0.080,0.630,0.461,-56.140,-75.740,78.190
0.081,0.682,0.541,-46.550,-76.650,80.080
0.102,0.689,0.674,-42.770,-84.840,80.780
0.120,0.712,0.729,-40.880,-98.700,82.110
0.123,0.753,0.635,-41.440,-111.650,86.800
0.157,0.796,0.550,-44.310,-115.080,94.430
0.187,0.759,0.498,-48.440,-116.060,99.610
0.190,0.712,0.441,-55.160,-116.130,103.040
0.183,0.677,0.398,-53.200,-113.610,107.240
0.181,0.589,0.475,-50.820,-119.700,107.800
0.186,0.499,0.446,-46.760,-127.400,105.630
0.198,0.414,0.368,-42.280,-132.090,101.150
0.202,0.344,0.277,-32.340,-133.980,97.930
0.211,0.222,0.199,-24.920,-128.660,89.320
0.251,0.151,0.212,-19.390,-124.670,79.170
0.305,0.143,0.250,-16.100,-124.110,70.420
0.316,0.190,0.277,-13.930,-123.690,66.010
0.324,0.239,0.310,-12.670,-127.680,64.540
0.316,0.223,0.263,-14.770,-126.280,62.090
0.311,0.203,0.277,-17.150,-124.600,58.520
0.318,0.212,0.377,-21.490,-135.100,57.260
0.334,0.237,0.379,-25.760,-147.350,58.660

-0.305,0.222,-2.126,41.790,-28.630,-252.350
-0.324,0.333,-2.370,56.140,0.490,-272.720
-0.361,0.495,-2.515,67.550,43.190,-295.400
-0.408,0.942,-2.298,68.880,116.620,-310.660
-0.289,1.545,-1.519,59.570,130.550,-297.640
-0.110,1.994,-0.736,42.070,82.250,-263.900
0.091,2.285,-0.667,14.770,30.030,-213.080
0.230,2.337,-1.083,-10.780,3.010,-144.480
0.303,1.903,-1.619,-27.790,11.830,-115.290
0.342,1.490,-1.888,-29.610,50.470,-104.790
0.313,1.199,-2.038,-23.730,61.810,-105.070
0.249,0.966,-2.054,-9.940,87.430,-120.890
0.183,0.815,-1.915,7.840,108.500,-138.250
0.132,0.854,-1.692,16.660,115.990,-153.020
0.083,0.976,-1.541,18.410,121.870,-162.190
0.076,1.133,-1.471,13.930,128.940,-164.850
0.085,1.350,-1.375,0.630,132.720,-155.120
0.086,1.409,-1.368,-6.440,139.930,-145.670
0.072,1.424,-1.313,-12.740,158.340,-136.360
0.052,1.444,-1.153,-17.430,166.110,-126.420
0.026,1.471,-1.034,-20.370,167.860,-110.880
-0.046,1.345,-1.037,1.960,176.050,-111.160
-0.086,1.233,-0.855,0.000,186.970,-120.190
-0.083,1.304,-0.533,0.560,181.090,-125.020
-0.073,1.434,-0.397,1.400,165.550,-123.340
-0.027,1.569,-0.417,0.840,152.320,-114.170
0.019,1.614,-0.491,-1.050,148.820,-106.610
0.069,1.662,-0.515,-2.660,148.960,-96.040
0.097,1.688,-0.484,-1.750,147.210,-84.070
0.121,1.677,-0.479,0.560,143.640,-69.300
0.111,1.615,-0.546,6.370,142.590,-62.090
0.090,1.578,-0.684,13.650,154.420,-58.170
0.051,1.586,-0.712,48.020,170.310,-57.400
0.019,1.685,-0.581,103.390,181.720,-49.910
-0.011,1.764,-0.319,105.070,174.090,-37.170
0.015,1.724,-0.186,87.990,155.190,-29.960
0.006,1.667,-0.214,122.640,136.780,-27.650
-0.020,1.633,-0.227,63.770,122.640,-25.480
0.020,1.706,-0.268,41.020,107.170,-10.430
0.058,1.779,-0.410,28.770,96.950,7.070
0.062,1.722,-0.609,11.410,99.470,21.980
0.052,1.621,-0.689,-2.730,110.530,32.480
0.025,1.521,-0.629,-15.960,113.540,40.530
-0.008,1.428,-0.594,-27.790,113.750,46.830
-0.034,1.297,-0.582,-29.190,111.860,46.270
-0.035,1.195,-0.616,-26.740,113.470,38.850
-0.016,1.182,-0.610,-23.100,118.510,30.730
0.002,1.290,-0.529,-21.910,120.610,32.620
0.009,1.450,-0.421,-17.780,117.600,42.350
0.020,1.445,-0.306,-16.170,108.990,50.260
0.069,1.390,-0.257,-17.640,92.050,53.970
0.104,1.355,-0.336,-22.610,84.910,56.560
0.119,1.372,-0.457,-27.230,86.450,62.230
0.126,1.423,-0.516,-35.280,93.240,76.580
0.104,1.417,-0.515,-38.990,99.260,91.210
0.105,1.287,-0.480,-43.190,105.980,96.110
0.056,1.185,-0.430,-44.730,106.120,100.170
0.067,1.079,-0.508,-47.320,107.520,98.910
0.061,0.944,-0.619,-46.830,114.240,91.840
0.060,0.920,-0.717,-49.770,130.200,87.710
0.076,0.862,-0.630,-52.850,161.700,77.910
0.057,0.905,-0.239,-46.270,172.410,71.120
0.084,1.205,0.203,-31.290,153.930,78.470
0.158,1.226,0.487,-31.220,105.000,89.250
0.190,1.217,0.410,-36.120,53.550,98.700
0.198,1.128,-0.179,-43.540,39.830,102.970
0.198,1.013,-0.572,-49.840,70.420,99.680
0.218,0.983,-0.431,-58.450,94.640,95.410
0.225,1.056,-0.102,-75.810,94.080,95.340
0.243,1.104,0.011,-78.750,83.720,99.330
0.239,1.088,0.001,-80.710,75.110,101.010
0.244,1.042,-0.077,-82.460,74.620,99.260
0.269,1.047,-0.034,-85.120,77.280,97.090
0.290,1.127,0.078,-87.080,74.690,101.850
0.293,1.272,0.212,-89.390,64.540,113.050
0.300,1.307,0.308,-87.360,46.270,126.910
0.308,1.270,0.294,-86.660,18.480,138.950
0.302,1.176,0.134,-87.010,8.750,146.160
0.268,1.050,-0.040,-86.870,13.930,147.210
0.250,0.945,-0.059,-86.450,22.190,145.460
0.236,0.922,0.046,-87.640,23.870,144.410
0.249,0.898,0.158,-86.940,18.130,142.100
0.247,0.889,0.205,-86.730,10.220,140.070
0.249,0.885,0.204,-85.120,1.960,138.670
0.269,0.756,0.163,-78.820,-4.410,136.990
0.290,0.874,0.117,-74.900,-7.070,135.380
0.301,0.929,0.100,-71.470,-9.240,138.180
0.347,0.975,0.131,-64.960,-15.610,145.040
0.357,0.976,0.107,-56.840,-23.450,155.190
0.332,0.874,0.011,-49.560,-26.110,159.250
0.311,0.755,-0.080,-43.120,-20.790,157.500
0.291,0.683,-0.038,-37.800,-12.740,154.000
0.289,0.656,0.093,-35.000,-15.260,151.270
0.294,0.639,0.179,-33.880,-23.800,147.910
0.290,0.630,0.185,-35.840,-33.110,146.440
0.290,0.615,0.101,-36.330,-37.380,145.670
0.301,0.587,0.024,-35.490,-33.880,144.480
0.335,0.573,0.041,-32.200,-31.990,145.180
0.310,0.522,0.098,-46.130,-30.800,143.360
0.319,0.503,0.140,-41.860,-34.370,143.570
0.296,0.486,0.157,-38.360,-46.060,146.580
0.308,0.402,0.012,-33.880,-46.270,147.210
0.311,0.290,-0.045,-34.230,-40.320,143.640
0.337,0.198,0.002,-38.710,-37.240,134.120
0.361,0.176,0.068,-41.370,-39.480,129.360
0.354,0.175,0.098,-39.900,-42.490,126.700
0.358,0.173,0.127,-41.300,-44.520,124.670
0.359,0.132,0.144,-47.670,-46.270,122.430
0.330,0.105,0.226,-55.370,-52.150,117.600
0.336,0.081,0.216,-66.990,-59.220,115.850
0.321,0.040,0.107,-74.900,-58.030,113.960
0.312,-0.026,0.065,-73.920,-53.480,110.320
0.313,-0.113,0.105,-71.400,-54.530,104.230
0.328,-0.243,0.110,-69.230,-54.460,91.560
0.373,-0.335,0.147,-68.600,-55.300,76.790
0.424,-0.355,0.222,-68.950,-60.130,63.840
0.463,-0.326,0.275,-71.680,-65.030,54.670
0.475,-0.312,0.326,-68.320,-72.450,43.750
0.468,-0.231,0.349,-61.460,-84.630,41.300

-0.121,0.683,-1.841,-29.260,-119.210,-196.350
-0.020,0.742,-1.850,-19.600,-101.710,-169.890
0.100,0.525,-1.727,-5.670,-95.270,-165.690
0.168,0.405,-1.658,-4.620,-94.570,-167.020
0.225,0.367,-1.764,-8.680,-83.860,-170.310
0.228,0.394,-1.839,-19.670,-62.230,-173.530
0.211,0.496,-1.798,-28.980,-37.590,-171.150
0.178,0.555,-1.586,-37.240,-24.850,-166.740
0.162,0.517,-1.557,-44.730,-28.280,-168.070
0.160,0.438,-1.684,-52.920,-26.810,-180.250
0.207,0.494,-1.887,-56.000,-16.450,-185.220
0.282,0.548,-1.995,-40.740,-2.100,-188.650
0.312,0.579,-2.019,-9.940,17.010,-198.520
0.337,0.664,-1.940,7.630,34.930,-206.430
0.347,0.824,-1.791,19.740,54.110,-211.890
0.381,1.066,-1.495,18.900,58.380,-210.420
0.411,1.447,-1.362,-0.280,55.510,-195.720
0.463,1.624,-1.363,-15.260,53.130,-171.990
0.621,1.745,-1.433,-26.250,54.110,-139.790
0.511,1.685,-1.572,-24.990,57.260,-90.440
0.494,1.249,-1.688,-11.900,65.590,-94.010
0.472,0.921,-1.751,1.400,77.210,-102.690
0.425,0.751,-1.835,13.230,102.410,-117.110
0.371,0.709,-1.859,22.050,133.280,-142.310
0.309,0.857,-1.677,34.720,168.630,-159.530
0.281,1.184,-1.163,43.190,180.530,-162.330
0.298,1.470,-0.638,51.870,158.200,-155.890
0.348,1.713,-0.520,51.310,133.210,-139.160
0.410,1.941,-0.729,37.450,113.190,-91.000
0.385,1.664,-1.009,26.600,123.620,-77.840
0.346,1.412,-1.048,21.280,128.590,-75.180
0.288,1.338,-1.029,18.130,125.160,-65.100
0.225,1.180,-1.126,17.430,126.280,-62.300
0.175,0.937,-1.212,22.400,132.300,-73.990
0.144,0.822,-1.265,31.010,147.140,-89.600
0.129,0.877,-1.180,44.310,160.370,-101.080
0.143,1.113,-0.947,57.540,163.660,-100.590
0.188,1.241,-0.748,65.240,156.450,-94.150
0.195,1.274,-0.583,62.090,139.510,-86.100
0.239,1.246,-0.603,59.710,132.090,-80.640
0.263,1.158,-0.676,49.700,132.440,-79.870
0.264,1.194,-0.688,40.460,134.820,-74.970
0.278,1.191,-0.727,33.250,140.840,-71.820
0.259,1.165,-0.753,29.330,152.740,-72.520
0.223,1.179,-0.682,28.910,162.190,-75.530
0.191,1.254,-0.549,30.730,166.740,-75.880
0.170,1.344,-0.326,33.460,157.570,-73.290
0.174,1.414,-0.221,31.080,137.270,-68.320
0.197,1.459,-0.291,29.330,117.460,-61.600
0.201,1.426,-0.514,23.520,116.550,-63.980
0.206,1.538,-0.619,21.000,125.300,-62.300
0.248,1.741,-0.576,21.210,126.980,-52.290
0.262,1.936,-0.527,21.420,125.860,-25.550
0.263,2.067,-0.500,12.740,123.480,-1.050
0.240,2.053,-0.466,4.410,115.850,23.030
0.227,1.964,-0.460,-5.040,105.980,44.310
0.210,1.793,-0.569,-13.020,100.240,58.310
0.187,1.556,-0.714,-19.460,99.680,69.930
0.165,1.371,-0.856,-18.340,105.420,71.470
0.157,1.206,-0.938,-13.720,120.820,65.660
0.158,1.143,-0.870,-8.330,128.310,59.010
0.144,1.191,-0.779,-3.710,129.640,57.680
0.132,1.242,-0.711,-3.990,130.410,59.150
0.133,1.267,-0.601,-9.380,126.000,62.720
0.141,1.285,-0.474,-18.130,117.390,68.040
0.180,1.282,-0.457,-26.040,108.360,74.200
0.220,1.236,-0.499,-35.490,103.530,78.120
0.239,1.235,-0.549,-60.340,106.750,83.370
0.259,1.242,-0.563,-65.940,113.400,88.130
0.251,1.241,-0.467,-60.060,119.840,94.290
0.255,1.229,-0.378,-46.760,119.140,103.530
0.259,1.173,-0.315,-32.130,115.990,109.690
0.239,1.082,-0.275,-31.010,115.010,112.560
0.233,0.977,-0.147,-33.670,110.950,111.440
0.232,0.890,-0.021,-41.300,97.790,107.520
0.256,0.837,0.002,-47.600,80.780,100.660
0.274,0.772,-0.103,-56.490,71.120,93.660
0.278,0.746,-0.224,-65.240,76.300,86.310
0.298,0.779,-0.163,-76.300,78.190,81.410
0.301,0.979,-0.061,-87.010,73.360,81.690
0.320,0.935,-0.000,-92.960,67.480,83.720
0.325,0.979,0.041,-98.420,59.920,88.270
0.357,0.990,0.030,-101.990,50.260,91.490
0.355,0.977,0.006,-107.660,48.440,92.610
0.356,1.006,0.020,-113.820,46.620,97.650
0.367,1.050,0.044,-120.400,43.540,104.650
0.355,1.040,0.088,-122.710,37.520,112.630
0.330,0.982,0.112,-122.780,28.420,118.160
0.328,0.899,0.080,-119.560,21.140,120.050
0.329,0.813,0.054,-115.850,18.200,118.580
0.354,0.780,0.074,-109.480,12.810,118.860
0.360,0.752,0.079,-103.880,7.210,118.650
0.359,0.720,0.071,-97.370,3.500,117.250
0.354,0.693,0.078,-98.630,1.120,113.820
0.365,0.695,0.112,-88.970,-2.730,110.600
0.372,0.759,0.123,-85.470,-9.940,114.590
0.369,0.811,0.062,-75.040,-14.770,120.820
0.342,0.797,0.022,-66.990,-17.220,126.630
0.330,0.760,-0.000,-61.180,-17.010,130.970
0.340,0.720,0.046,-51.590,-18.690,134.120
0.348,0.717,0.100,-44.870,-24.920,141.890
0.355,0.677,0.091,-36.960,-31.990,148.120
0.368,0.603,0.037,-37.240,-35.000,152.460
0.395,0.495,-0.060,-31.990,-30.940,152.110
0.393,0.407,-0.089,-36.050,-23.450,147.000
0.392,0.351,-0.028,-36.820,-19.460,143.360
0.386,0.333,0.041,-39.410,-21.000,139.300
0.372,0.337,0.053,-39.550,-24.080,136.430
0.353,0.376,0.042,-39.340,-26.390,138.460
0.329,0.371,0.017,-18.550,-25.340,141.120
0.317,0.307,0.058,-32.270,-24.990,142.100
0.319,0.256,0.145,-27.440,-35.980,142.870
0.347,0.190,0.133,-23.870,-43.330,141.540
0.374,0.132,0.098,-20.300,-45.850,140.420
0.410,0.080,0.120,-17.500,-51.660,141.960
0.419,-0.004,0.093,-17.500,-58.660,141.120
0.411,-0.120,-0.027,-17.570,-56.630,135.240
0.394,-0.223,-0.050,-22.120,-47.180,120.540
0.379,-0.248,0.059,-31.430,-43.540,111.580

0.130,0.822,-1.705,-6.790,-58.100,-208.950
0.188,0.933,-1.806,-5.040,-56.280,-194.110
0.214,0.958,-1.907,-4.200,-47.250,-175.980
0.229,0.960,-1.946,-4.200,-33.950,-161.350
0.237,0.913,-1.955,-3.920,-12.740,-150.010
0.241,0.746,-1.971,-3.010,9.310,-155.470
0.237,0.653,-1.873,-0.070,28.210,-174.300
0.275,0.963,-1.717,3.010,36.750,-172.550
0.343,1.234,-1.601,7.420,37.590,-157.010
0.392,1.347,-1.568,11.130,40.600,-135.730
0.393,1.283,-1.545,13.020,45.220,-118.090
0.391,1.103,-1.510,12.880,50.120,-112.910
0.377,1.015,-1.475,10.920,55.510,-108.850
0.345,0.971,-1.479,6.860,63.420,-104.650
0.287,0.918,-1.559,5.670,77.210,-102.900
0.227,0.813,-1.568,8.820,108.640,-148.470
0.038,1.444,-1.011,-117.880,90.300,-184.590
0.203,2.256,-1.536,-96.670,93.240,-154.070
0.309,2.891,-1.786,-73.640,115.570,-36.820
0.274,2.737,-1.610,-32.200,107.800,109.900
0.151,0.683,-1.500,68.950,91.840,110.180
-0.110,-0.521,-1.406,68.810,97.020,14.490
-0.195,-0.931,-1.373,70.630,122.220,-108.290
-0.179,-0.439,-1.078,54.880,144.060,-177.940
-0.124,0.620,-0.656,7.560,141.470,-162.610
0.003,1.377,-0.407,-7.980,113.120,-117.810
0.115,1.343,-0.465,-29.820,82.460,-89.390
0.139,1.055,-0.867,-50.960,88.690,-85.190
0.136,0.906,-1.011,-68.180,105.490,-84.000
0.140,0.919,-0.956,-68.460,114.240,-77.770
0.136,0.869,-0.856,-60.970,112.280,-74.480
0.091,0.773,-0.813,-55.160,109.900,-77.840
0.083,0.737,-0.809,-47.390,104.090,-83.580
0.099,0.780,-0.892,-45.220,123.130,-86.590
0.092,0.852,-0.914,-42.770,116.060,-87.080
0.091,0.930,-0.796,-42.490,120.960,-86.590
0.100,1.044,-0.642,-46.410,119.000,-80.150
0.129,1.090,-0.543,-49.980,112.280,-74.760
0.151,1.103,-0.508,-51.100,107.940,-70.840
0.167,1.119,-0.456,-55.510,105.070,-66.080
0.184,1.126,-0.412,-56.210,96.320,-59.990
0.191,1.094,-0.453,-52.850,88.340,-60.690
0.188,1.123,-0.538,-51.240,85.470,-61.740
0.179,1.236,-0.595,-50.330,82.810,-55.510
0.144,1.338,-0.680,-44.870,83.020,-50.540
0.107,1.400,-0.762,-41.090,88.620,-46.340
0.077,1.488,-0.782,-38.430,92.610,-40.530
0.076,1.597,-0.754,-38.220,94.990,-25.130
0.095,1.755,-0.689,-39.130,93.450,0.070
0.133,1.780,-0.664,-38.990,88.340,22.190
0.149,1.730,-0.693,-38.220,85.960,43.610
0.152,1.597,-0.716,-37.730,87.290,63.000
0.147,1.336,-0.730,-36.610,90.580,66.290
0.137,1.204,-0.715,-34.790,96.530,65.450
0.132,1.172,-0.634,-30.730,100.240,66.430
0.133,1.166,-0.508,-27.860,100.240,69.930
0.163,1.165,-0.397,-29.050,93.100,72.450
0.172,1.092,-0.386,-31.920,84.910,68.320
0.185,1.068,-0.436,-36.330,85.960,61.530
0.201,1.141,-0.418,-42.490,88.620,59.430
0.226,1.340,-0.366,-49.770,86.800,69.300
0.263,1.399,-0.341,-53.200,83.930,80.220
0.267,1.392,-0.300,-59.220,76.160,91.350
0.273,1.352,-0.312,-65.240,71.540,102.760
0.281,1.288,-0.326,-70.000,69.510,110.530
0.276,1.228,-0.323,-75.320,69.090,116.690
0.274,1.147,-0.280,-80.080,67.130,120.120
0.258,1.066,-0.240,-83.790,63.490,120.330
0.249,1.006,-0.210,-88.130,58.450,118.090
0.249,0.953,-0.213,-92.050,55.510,114.380
0.240,0.962,-0.190,-94.570,52.710,113.540
0.257,0.985,-0.160,-93.940,49.490,115.360
0.268,0.980,-0.142,-93.030,44.660,116.550
0.285,0.950,-0.180,-89.880,41.370,117.460
0.289,0.925,-0.232,-88.480,44.030,116.970
0.296,0.932,-0.240,-87.080,51.100,118.230
0.290,0.939,-0.163,-85.820,54.810,120.120
0.282,0.949,-0.068,-85.890,52.710,125.440
0.276,0.937,0.000,-85.120,44.380,130.410
0.271,0.864,0.016,-84.280,34.300,130.830
0.265,0.799,-0.007,-85.190,24.990,129.220
0.309,0.752,-0.035,-82.600,19.320,126.630
0.321,0.716,-0.096,-82.530,18.270,122.990
0.323,0.685,-0.129,-80.360,24.710,116.480
0.342,0.693,-0.047,-76.440,26.740,112.700
0.358,0.703,0.041,-70.140,19.530,108.990
0.368,0.731,0.081,-63.630,10.780,107.380
0.373,0.780,0.060,-55.580,3.850,109.200
0.386,0.826,0.026,-46.760,-1.050,116.900
0.409,0.794,-0.019,-41.230,-2.870,120.190
0.420,0.761,-0.058,-41.090,0.630,122.850
0.411,0.752,-0.037,-40.250,3.150,127.610
0.407,0.709,0.025,-38.640,2.660,130.200
0.407,0.648,0.069,-37.380,-0.840,130.760
0.399,0.635,0.084,-35.770,-5.040,132.930
0.397,0.627,0.065,-32.060,-10.080,136.850
0.397,0.574,0.056,-29.750,-14.000,138.950
0.400,0.508,0.016,-26.390,-17.290,138.040
0.379,0.432,-0.038,-25.340,-15.260,136.640
0.367,0.382,-0.039,-21.490,-11.690,135.590
0.377,0.322,0.040,-15.680,-13.860,132.580
0.360,0.251,0.080,-11.130,-20.440,124.530
0.381,0.202,0.054,-3.430,-24.570,117.320
0.364,0.214,0.024,2.240,-23.310,112.840
0.359,0.252,0.100,4.830,-25.900,112.770
0.359,0.260,0.157,7.350,-32.550,114.310
0.358,0.223,0.163,8.330,-41.090,114.310
0.358,0.112,0.092,11.690,-44.660,110.250
0.360,0.036,0.033,10.780,-40.950,102.760
0.384,0.015,0.063,11.340,-37.800,95.060
0.410,0.050,0.157,12.670,-45.920,91.000
0.448,0.084,0.161,17.080,-56.490,90.160
0.447,0.087,0.041,22.610,-60.270,71.680
0.445,0.056,-0.058,28.770,-55.300,86.310
0.442,0.054,-0.059,32.130,-49.560,84.210
0.427,0.026,0.117,34.650,-56.140,81.130
0.418,0.013,0.127,32.900,-63.210,79.450
0.420,0.005,0.094,29.120,-66.150,78.470
0.424,-0.039,0.077,24.290,-65.310,74.970

0.188,0.162,-2.135,-5.530,-53.690,-169.260
0.224,0.253,-2.153,-12.600,-28.840,-172.340
0.247,0.395,-1.990,-19.250,0.210,-171.150
0.284,0.587,-1.759,-20.790,7.560,-160.930
0.296,0.773,-1.539,-32.620,6.160,-137.340
0.319,0.767,-1.410,-19.740,-5.390,-122.500
0.311,0.610,-1.459,-33.530,-14.350,-116.340
0.297,0.498,-1.665,-42.070,-1.050,-115.430
0.276,0.408,-1.711,-48.510,20.370,-116.060
0.249,0.353,-1.543,-59.150,36.260,-119.070
0.237,0.312,-1.459,-64.330,43.400,-126.490
0.191,0.322,-1.399,-68.950,53.410,-142.450
0.192,0.421,-1.269,-66.640,55.440,-152.040
0.247,0.551,-1.177,-70.910,49.140,-159.180
0.264,0.772,-1.252,-76.020,46.830,-158.200
0.274,0.934,-1.341,-79.660,57.120,-146.230
0.263,0.999,-1.304,-85.960,68.250,-130.900
0.253,0.972,-1.147,-91.420,70.910,-112.560
0.233,0.817,-1.023,-98.700,66.850,-106.330
0.229,0.725,-1.019,-103.180,64.120,-103.880
0.182,0.622,-1.113,-103.250,74.410,-107.310
0.143,0.584,-1.108,-101.710,92.050,-114.100
0.126,0.643,-0.948,-102.410,105.840,-117.250
0.132,0.734,-0.724,-93.940,102.970,-116.130
0.154,0.820,-0.541,-78.820,89.250,-109.340
0.172,0.852,-0.555,-64.680,75.110,-104.300
0.178,0.853,-0.690,-59.220,74.970,-98.070
0.174,0.855,-0.763,-55.930,80.500,-93.450
0.181,0.834,-0.787,-57.330,90.370,-92.610
0.148,0.824,-0.735,-61.180,104.790,-96.180
0.136,0.856,-0.626,-64.750,114.310,-102.690
0.118,1.027,-0.454,-69.440,117.460,-107.310
0.142,1.227,-0.250,-76.370,101.990,-98.700
0.183,1.381,-0.137,-78.680,81.410,-82.950
0.205,1.469,-0.195,-82.950,64.190,-55.930
0.207,1.462,-0.324,-86.800,55.440,-36.120
0.190,1.385,-0.422,-87.010,49.980,-19.460
0.175,1.258,-0.510,-86.870,46.200,-6.020
0.142,1.091,-0.583,-83.230,44.030,-1.680
0.119,0.999,-0.657,-73.080,46.270,0.560
0.095,0.915,-0.708,-62.720,52.500,-2.590
0.091,0.854,-0.683,-56.490,60.830,-9.800
0.115,0.908,-0.572,-53.760,63.980,-16.450
0.166,1.018,-0.529,-17.430,63.140,-15.540
0.155,1.112,-0.411,10.640,57.330,-5.460
0.179,1.106,-0.390,23.380,53.620,3.220
0.177,0.902,-0.374,21.770,51.170,5.250
0.191,0.947,-0.343,10.920,46.200,2.870
0.234,0.984,-0.382,-0.420,44.310,6.230
0.232,1.006,-0.390,-11.760,43.610,13.300
0.212,0.910,-0.374,-22.050,41.580,14.420
0.203,0.842,-0.372,-25.270,38.570,11.480
0.200,0.820,-0.378,-24.780,34.930,8.050
0.161,0.834,-0.344,-20.860,32.900,8.540
0.168,0.808,-0.266,-13.300,26.530,4.480
0.182,0.763,-0.218,-9.730,17.640,-1.050
0.218,0.816,-0.262,-6.020,11.060,-1.820
0.249,0.864,-0.360,-3.220,14.210,0.560
0.253,0.868,-0.363,1.050,18.900,4.130
0.253,0.825,-0.283,-6.650,20.230,5.460
0.241,0.784,-0.197,-10.570,11.340,4.200
0.255,0.737,-0.202,-11.620,6.090,1.540
0.238,0.734,-0.221,-14.630,3.010,-0.560
0.231,0.725,-0.244,-20.510,-0.350,-3.290
0.231,0.739,-0.295,-26.810,-0.630,-4.200
0.233,0.714,-0.367,-40.040,1.820,-6.860
0.239,0.710,-0.339,-23.800,0.560,-10.290
0.244,0.757,-0.367,-13.090,-0.560,-9.730
0.257,0.774,-0.388,-4.830,0.210,-6.790
0.261,0.720,-0.386,0.280,-0.560,-8.190
0.261,0.658,-0.384,1.610,-0.980,-13.930
0.275,0.696,-0.380,-7.910,-2.240,-18.130
0.277,0.763,-0.467,-3.570,1.120,-17.290
0.300,0.805,-0.453,-7.490,2.590,-14.630
0.279,0.822,-0.447,-10.360,2.800,-11.830
0.276,0.796,-0.476,-13.090,5.950,-12.180
0.258,0.793,-0.456,-13.790,9.520,-12.810
0.220,0.767,-0.345,-21.490,10.990,-17.080
0.229,0.784,-0.387,3.710,18.690,-33.250
0.414,1.163,-0.104,3.710,-13.020,-6.720
0.350,1.281,-0.394,6.790,-15.820,14.630
0.287,1.118,-0.689,8.540,7.490,24.360
0.312,0.811,-0.429,6.090,8.330,12.390
0.309,0.805,-0.311,6.440,-7.700,10.430
0.299,0.851,-0.468,4.480,-9.520,13.790
0.269,0.803,-0.552,2.100,-1.050,14.140
0.273,0.704,-0.493,-1.050,-0.490,6.230
0.273,0.612,-0.455,-18.060,-2.030,-3.500
0.276,0.620,-0.515,-8.120,-0.630,-8.330
0.292,0.627,-0.415,-14.280,-6.650,-13.930
0.303,0.703,-0.529,-15.400,-4.970,-10.290
0.307,0.768,-0.573,-11.690,-0.910,-6.370
0.300,0.709,-0.562,-7.630,2.940,-8.540
0.297,0.706,-0.527,-3.640,1.680,-9.730
0.299,0.764,-0.542,0.070,1.330,-7.770
0.297,0.800,-0.560,1.960,1.750,-4.620
0.289,0.792,-0.587,5.250,4.130,-4.200
0.293,0.800,-0.625,7.770,6.930,-2.310
0.249,0.758,-0.525,1.890,19.810,-0.630
0.230,0.600,-0.096,2.240,2.240,-13.580
0.332,0.647,-0.228,-3.430,-35.910,-21.840
0.322,0.862,-0.714,-8.470,-16.940,-7.490
0.326,0.895,-0.778,-6.090,7.280,-0.350
0.324,0.799,-0.554,-4.340,10.080,-0.560
0.307,0.714,-0.359,-3.150,-2.100,-5.950
0.304,0.715,-0.448,-2.030,-6.790,-10.640
0.296,0.756,-0.570,-0.280,-2.100,-10.500
0.293,0.758,-0.588,4.340,5.180,-11.900
0.299,0.769,-0.518,8.470,3.640,-13.300
0.305,0.787,-0.512,12.950,0.910,-14.070
0.305,0.828,-0.563,15.400,1.470,-12.530
0.302,0.828,-0.582,18.620,3.080,-11.970
0.303,0.826,-0.361,23.380,-10.010,-10.990
0.303,0.891,-0.424,25.270,-16.450,-3.290
0.308,0.884,-0.480,25.200,-15.750,1.190
0.301,0.809,-0.457,24.430,-15.260,-0.700
0.305,0.812,-0.399,15.470,-19.390,-3.080
0.317,0.883,-0.271,21.000,-29.890,0.980
0.312,0.764,-0.081,9.450,-56.210,-1.190

0.372,1.835,-1.408,58.030,24.780,108.290
0.410,1.198,-0.561,91.140,46.060,124.320
0.213,0.648,-0.441,84.630,42.210,106.680
0.227,0.558,-0.187,65.940,13.020,87.220
0.275,0.575,-0.458,91.560,-0.070,62.930
0.300,0.580,-0.381,80.220,-9.730,49.350
0.264,0.478,-0.375,81.060,-30.100,32.550
0.298,0.493,-0.549,101.500,-38.010,18.410
0.307,0.614,-0.646,132.580,-42.560,13.650
0.306,0.785,-0.537,137.480,-54.110,22.260
0.310,0.797,-0.549,131.740,-67.410,31.360
0.322,0.791,-0.676,123.550,-67.340,37.590
0.322,0.743,-0.697,114.730,-66.430,38.990
0.318,0.613,-0.696,97.720,-65.590,28.770
0.307,0.537,-0.797,97.440,-53.410,13.860
0.325,0.476,-0.650,98.980,-50.120,-2.800
0.283,0.305,-0.654,101.150,-48.720,-37.100
0.324,0.463,-0.633,101.850,-49.910,-46.550
0.319,0.545,-0.734,96.810,-34.090,-48.580
0.305,0.561,-0.770,88.970,-18.130,-49.420
0.318,0.581,-0.789,74.270,-2.240,-50.680
0.314,0.561,-0.815,65.030,14.280,-56.000
0.317,0.451,-0.715,54.180,14.210,-68.810
0.302,0.485,-0.698,39.760,7.070,-74.200
0.294,0.736,-0.826,11.620,10.290,-54.880
0.474,0.823,-0.779,-55.720,20.440,-14.420
0.071,0.006,-0.760,-46.480,18.270,-77.700
0.061,0.465,-0.878,-15.330,15.400,-73.780
0.593,1.647,-0.884,-20.790,47.460,30.520
0.308,-0.195,-0.615,-20.020,22.050,-41.300
0.289,0.791,-0.772,-21.000,23.660,-14.910
0.200,0.729,-0.658,-12.950,10.710,-6.300
0.226,0.680,-0.665,-9.590,0.910,-5.250
0.235,0.579,-0.741,-4.620,0.210,-22.820
0.156,0.427,-0.712,11.480,-2.870,-68.530
0.162,0.591,-0.740,26.040,1.050,-60.970
0.185,0.737,-0.701,27.790,3.640,-47.670
0.226,0.729,-0.742,23.590,8.470,-35.210
0.239,0.679,-0.724,16.310,8.120,-25.900
0.270,0.625,-0.714,14.350,5.320,-21.420
0.280,0.583,-0.722,11.200,3.360,-22.400
0.265,0.559,-0.746,8.820,5.390,-27.650
0.221,0.593,-0.705,8.820,4.480,-29.190
0.183,0.713,-0.663,9.030,-2.310,-19.950
0.182,0.753,-0.737,7.770,-1.750,-9.450
0.179,0.724,-0.746,3.850,1.470,-1.540
0.158,0.723,-0.708,2.590,-3.220,5.110
0.175,0.715,-0.745,2.520,-2.940,10.010
0.205,0.606,-0.774,3.150,2.240,7.420
0.235,0.561,-0.761,4.200,6.090,3.500
0.259,0.551,-0.761,5.600,9.030,0.630
0.279,0.562,-0.768,5.670,12.110,-1.050
0.272,0.546,-0.745,8.610,13.510,-3.220
0.255,0.578,-0.748,11.270,15.610,-2.870
0.257,0.564,-0.740,12.950,16.660,-3.920
0.251,0.579,-0.708,14.490,10.500,1.400
0.287,0.680,-1.128,-1.960,60.480,-8.120
0.251,0.686,0.109,11.340,-39.480,18.620
0.284,0.733,-1.061,-1.190,2.870,34.510
0.327,0.504,-0.549,-6.020,-18.130,16.310
0.320,0.492,-0.815,-5.950,-18.410,13.160
0.328,0.479,-0.830,-11.340,-2.310,-3.290
0.296,0.411,-0.665,-6.580,-12.880,-16.170
0.281,0.583,-0.730,-4.900,-10.780,-13.930
0.283,0.621,-0.717,-4.200,-9.800,-6.860
0.254,0.629,-0.687,-1.050,-15.610,-0.770
0.266,0.606,-0.721,1.540,-17.780,0.000
0.275,0.576,-0.730,6.720,-17.010,-3.920
0.280,0.554,-0.704,9.170,-17.990,-8.540
0.284,0.569,-0.721,11.620,-16.100,-10.010
0.297,0.599,-0.728,10.360,-12.460,-7.630
0.315,0.579,-0.730,7.910,-10.220,-7.280
0.318,0.558,-0.713,5.740,-9.030,-7.350
0.303,0.572,-0.699,4.830,-11.830,-5.530
0.281,0.597,-0.696,5.040,-15.960,-3.710
0.264,0.586,-0.722,3.990,-17.850,-4.340
0.257,0.624,-0.724,1.610,-18.480,-1.610
0.231,0.635,-0.738,0.070,-18.060,-1.330
0.238,0.584,-0.738,-1.610,-16.520,-4.340
0.243,0.576,-0.751,-1.820,-15.190,-8.680
0.248,0.571,-0.761,-3.850,-13.160,-11.970
0.229,0.589,-0.729,-5.320,-16.170,-13.790
0.217,0.606,-0.749,-4.550,-18.130,-13.650
0.226,0.611,-0.772,-4.760,-16.940,-11.970
0.222,0.585,-0.772,-4.060,-16.030,-11.340
0.199,0.602,-0.775,-1.260,-14.980,-10.010
0.184,0.628,-0.792,0.140,-13.580,-7.630
0.177,0.662,-0.791,0.840,-12.180,-2.660
0.165,0.664,-0.778,1.680,-10.500,0.000
0.187,0.645,-0.778,1.890,-7.700,1.540
0.207,0.623,-0.756,1.610,-6.020,2.520
0.210,0.615,-0.757,2.170,-4.760,3.010
0.210,0.624,-0.750,3.640,-3.710,4.060
0.210,0.597,-0.724,4.900,-2.800,2.940
0.224,0.568,-0.740,4.900,-1.120,-0.140
0.223,0.568,-0.755,3.780,0.700,-3.430
0.205,0.599,-0.740,2.940,-0.210,-4.620
0.191,0.626,-0.743,4.200,-1.260,-3.220
0.203,0.634,-0.746,4.200,-0.560,-0.980
0.210,0.625,-0.735,3.850,-1.820,1.470
0.212,0.611,-0.726,4.690,-3.850,3.290
0.221,0.598,-0.734,4.830,-3.500,4.270
0.239,0.579,-0.747,4.480,-3.220,3.710
0.244,0.579,-0.758,2.940,-2.100,3.640
0.246,0.569,-0.755,1.890,-1.400,2.590
0.248,0.560,-0.759,1.890,-2.030,1.260
0.126,0.564,-0.766,1.820,-2.170,0.350
0.231,0.561,-0.765,3.920,-2.240,-0.980
0.233,0.580,-0.770,5.670,-1.960,-1.540
0.234,0.563,-0.786,5.670,-0.280,-3.010
0.223,0.577,-0.768,6.790,0.700,-3.290
0.217,0.574,-0.773,7.350,2.100,-4.200
0.223,0.577,-0.762,6.790,2.660,-4.340
0.215,0.593,-0.756,7.280,1.750,-2.870
0.211,0.604,-0.763,6.090,1.260,-2.030
0.224,0.585,-0.763,4.340,1.120,-1.890
0.217,0.592,-0.773,2.800,1.260,-1.400
0.215,0.590,-0.773,1.610,1.820,-0.980
0.219,0.580,-0.758,-1.960,8.820,1.190

